-- MySQL dump 10.13  Distrib 5.6.27, for Linux (x86_64)
--
-- Host: localhost    Database: cross_infinity_dev
-- ------------------------------------------------------
-- Server version	5.6.27

/*!40101 SET @OLD_CHARACTER_SET_CLIENT=@@CHARACTER_SET_CLIENT */;
/*!40101 SET @OLD_CHARACTER_SET_RESULTS=@@CHARACTER_SET_RESULTS */;
/*!40101 SET @OLD_COLLATION_CONNECTION=@@COLLATION_CONNECTION */;
/*!40101 SET NAMES utf8 */;
/*!40103 SET @OLD_TIME_ZONE=@@TIME_ZONE */;
/*!40103 SET TIME_ZONE='+00:00' */;
/*!40014 SET @OLD_UNIQUE_CHECKS=@@UNIQUE_CHECKS, UNIQUE_CHECKS=0 */;
/*!40014 SET @OLD_FOREIGN_KEY_CHECKS=@@FOREIGN_KEY_CHECKS, FOREIGN_KEY_CHECKS=0 */;
/*!40101 SET @OLD_SQL_MODE=@@SQL_MODE, SQL_MODE='NO_AUTO_VALUE_ON_ZERO' */;
/*!40111 SET @OLD_SQL_NOTES=@@SQL_NOTES, SQL_NOTES=0 */;

--
-- Table structure for table `m_category`
--

DROP TABLE IF EXISTS `m_category`;
/*!40101 SET @saved_cs_client     = @@character_set_client */;
/*!40101 SET character_set_client = utf8 */;
CREATE TABLE `m_category` (
  `category_id` int(5) unsigned NOT NULL AUTO_INCREMENT,
  `category_name` varchar(50) COLLATE utf8_unicode_ci DEFAULT NULL,
  `category_type` varchar(50) COLLATE utf8_unicode_ci DEFAULT NULL,
  `update_date` datetime DEFAULT NULL,
  `update_user` int(10) DEFAULT NULL,
  `create_date` datetime NOT NULL,
  `create_user` int(10) NOT NULL,
  `delete_flg` tinyint(1) NOT NULL,
  PRIMARY KEY (`category_id`)
) ENGINE=InnoDB AUTO_INCREMENT=100 DEFAULT CHARSET=utf8 COLLATE=utf8_unicode_ci;
/*!40101 SET character_set_client = @saved_cs_client */;

--
-- Dumping data for table `m_category`
--

LOCK TABLES `m_category` WRITE;
/*!40000 ALTER TABLE `m_category` DISABLE KEYS */;
INSERT INTO `m_category` VALUES (0,'Cross Infinity','会社','0000-00-00 00:00:00',0,'0000-00-00 00:00:00',0,0),(1,'居酒屋','飲食店','0000-00-00 00:00:00',0,'0000-00-00 00:00:00',0,0),(2,'日本食','飲食店','0000-00-00 00:00:00',0,'0000-00-00 00:00:00',0,0),(3,'ベトナム料理','飲食店','0000-00-00 00:00:00',0,'0000-00-00 00:00:00',0,0),(4,'中華','飲食店','0000-00-00 00:00:00',0,'0000-00-00 00:00:00',0,0),(5,'イタリアン','飲食店','0000-00-00 00:00:00',0,'0000-00-00 00:00:00',0,0),(6,'フレンチ','飲食店','0000-00-00 00:00:00',0,'0000-00-00 00:00:00',0,0),(7,'ラーメン','飲食店','0000-00-00 00:00:00',0,'0000-00-00 00:00:00',0,0),(8,'新車','新車','0000-00-00 00:00:00',0,'0000-00-00 00:00:00',0,0),(9,'ダイハツ','新車','0000-00-00 00:00:00',0,'0000-00-00 00:00:00',0,1),(10,'ホンダ','新車','0000-00-00 00:00:00',0,'0000-00-00 00:00:00',0,1),(11,'日産','新車','0000-00-00 00:00:00',0,'0000-00-00 00:00:00',0,1),(12,'中古車','中古車','0000-00-00 00:00:00',0,'0000-00-00 00:00:00',0,0),(13,'ダイハツ','中古車','0000-00-00 00:00:00',0,'0000-00-00 00:00:00',0,1),(14,'ホンダ','中古車','0000-00-00 00:00:00',0,'0000-00-00 00:00:00',0,1),(15,'日産','中古車','0000-00-00 00:00:00',0,'0000-00-00 00:00:00',0,1),(16,'シャツ','ファッション','0000-00-00 00:00:00',0,'0000-00-00 00:00:00',0,0),(17,'ズボン','ファッション','0000-00-00 00:00:00',0,'0000-00-00 00:00:00',0,0),(18,'スカート','ファッション','0000-00-00 00:00:00',0,'0000-00-00 00:00:00',0,0),(19,'鞄','ファッション','0000-00-00 00:00:00',0,'0000-00-00 00:00:00',0,0),(20,'マフラー','ファッション','0000-00-00 00:00:00',0,'0000-00-00 00:00:00',0,0),(21,'靴','ファッション','0000-00-00 00:00:00',0,'0000-00-00 00:00:00',0,0),(22,'ブーツ','ファッション','0000-00-00 00:00:00',0,'0000-00-00 00:00:00',0,0),(23,'その他','その他','0000-00-00 00:00:00',0,'0000-00-00 00:00:00',0,0);
/*!40000 ALTER TABLE `m_category` ENABLE KEYS */;
UNLOCK TABLES;

--
-- Table structure for table `m_country`
--

DROP TABLE IF EXISTS `m_country`;
/*!40101 SET @saved_cs_client     = @@character_set_client */;
/*!40101 SET character_set_client = utf8 */;
CREATE TABLE `m_country` (
  `country_id` int(3) unsigned NOT NULL AUTO_INCREMENT,
  `country_name` varchar(20) COLLATE utf8_unicode_ci DEFAULT NULL,
  `country_abbreviation` varchar(2) COLLATE utf8_unicode_ci DEFAULT NULL,
  `update_date` datetime DEFAULT NULL,
  `update_user` int(10) DEFAULT NULL,
  `create_date` datetime NOT NULL,
  `create_user` int(10) NOT NULL,
  `delete_flg` tinyint(1) NOT NULL,
  PRIMARY KEY (`country_id`)
) ENGINE=InnoDB AUTO_INCREMENT=250 DEFAULT CHARSET=utf8 COLLATE=utf8_unicode_ci;
/*!40101 SET character_set_client = @saved_cs_client */;

--
-- Dumping data for table `m_country`
--

LOCK TABLES `m_country` WRITE;
/*!40000 ALTER TABLE `m_country` DISABLE KEYS */;
INSERT INTO `m_country` VALUES (1,'日本','JP','0000-00-00 00:00:00',0,'0000-00-00 00:00:00',0,0),(2,'アイスランド','IS','0000-00-00 00:00:00',0,'0000-00-00 00:00:00',0,0),(3,'アイルランド','IE','0000-00-00 00:00:00',0,'0000-00-00 00:00:00',0,0),(4,'アゼルバイジャン','AZ','0000-00-00 00:00:00',0,'0000-00-00 00:00:00',0,0),(5,'アフガニスタン','AF','0000-00-00 00:00:00',0,'0000-00-00 00:00:00',0,0),(6,'アメリカ合衆国','US','0000-00-00 00:00:00',0,'0000-00-00 00:00:00',0,0),(7,'アメリカ領サモア','AS','0000-00-00 00:00:00',0,'0000-00-00 00:00:00',0,0),(8,'アメリカ領バージン諸島','VI','0000-00-00 00:00:00',0,'0000-00-00 00:00:00',0,0),(9,'アラブ首長国連邦','AE','0000-00-00 00:00:00',0,'0000-00-00 00:00:00',0,0),(10,'アルジェリア','DZ','0000-00-00 00:00:00',0,'0000-00-00 00:00:00',0,0),(11,'アルゼンチン','AR','0000-00-00 00:00:00',0,'0000-00-00 00:00:00',0,0),(12,'アルバ','AW','0000-00-00 00:00:00',0,'0000-00-00 00:00:00',0,0),(13,'アルバニア','AL','0000-00-00 00:00:00',0,'0000-00-00 00:00:00',0,0),(14,'アルメニア','AM','0000-00-00 00:00:00',0,'0000-00-00 00:00:00',0,0),(15,'アンギラ','AI','0000-00-00 00:00:00',0,'0000-00-00 00:00:00',0,0),(16,'アンゴラ','AO','0000-00-00 00:00:00',0,'0000-00-00 00:00:00',0,0),(17,'アンティグア・バーブーダ','AG','0000-00-00 00:00:00',0,'0000-00-00 00:00:00',0,0),(18,'アンドラ','AD','0000-00-00 00:00:00',0,'0000-00-00 00:00:00',0,0),(19,'イエメン','YE','0000-00-00 00:00:00',0,'0000-00-00 00:00:00',0,0),(20,'イギリス','GB','0000-00-00 00:00:00',0,'0000-00-00 00:00:00',0,0),(21,'イギリス領インド洋地域','IO','0000-00-00 00:00:00',0,'0000-00-00 00:00:00',0,0),(22,'イギリス領バージン諸島','VG','0000-00-00 00:00:00',0,'0000-00-00 00:00:00',0,0),(23,'イスラエル','IL','0000-00-00 00:00:00',0,'0000-00-00 00:00:00',0,0),(24,'イタリア','IT','0000-00-00 00:00:00',0,'0000-00-00 00:00:00',0,0),(25,'イラク','IQ','0000-00-00 00:00:00',0,'0000-00-00 00:00:00',0,0),(26,'イラン・イスラム共和国','IR','0000-00-00 00:00:00',0,'0000-00-00 00:00:00',0,0),(27,'インド','IN','0000-00-00 00:00:00',0,'0000-00-00 00:00:00',0,0),(28,'インドネシア','ID','0000-00-00 00:00:00',0,'0000-00-00 00:00:00',0,0),(29,'ウガンダ','UG','0000-00-00 00:00:00',0,'0000-00-00 00:00:00',0,0),(30,'ウクライナ','UA','0000-00-00 00:00:00',0,'0000-00-00 00:00:00',0,0),(31,'ウズベキスタン','UZ','0000-00-00 00:00:00',0,'0000-00-00 00:00:00',0,0),(32,'ウルグアイ','UY','0000-00-00 00:00:00',0,'0000-00-00 00:00:00',0,0),(33,'エクアドル','EC','0000-00-00 00:00:00',0,'0000-00-00 00:00:00',0,0),(34,'エジプト','EG','0000-00-00 00:00:00',0,'0000-00-00 00:00:00',0,0),(35,'エストニア','EE','0000-00-00 00:00:00',0,'0000-00-00 00:00:00',0,0),(36,'エチオピア','ET','0000-00-00 00:00:00',0,'0000-00-00 00:00:00',0,0),(37,'エリトリア','ER','0000-00-00 00:00:00',0,'0000-00-00 00:00:00',0,0),(38,'エルサルバドル','SV','0000-00-00 00:00:00',0,'0000-00-00 00:00:00',0,0),(39,'オーストラリア','AU','0000-00-00 00:00:00',0,'0000-00-00 00:00:00',0,0),(40,'オーストリア','AT','0000-00-00 00:00:00',0,'0000-00-00 00:00:00',0,0),(41,'オーランド諸島','AX','0000-00-00 00:00:00',0,'0000-00-00 00:00:00',0,0),(42,'オマーン','OM','0000-00-00 00:00:00',0,'0000-00-00 00:00:00',0,0),(43,'オランダ','NL','0000-00-00 00:00:00',0,'0000-00-00 00:00:00',0,0),(44,'ガーナ','GH','0000-00-00 00:00:00',0,'0000-00-00 00:00:00',0,0),(45,'ガーンジー島','GG','0000-00-00 00:00:00',0,'0000-00-00 00:00:00',0,0),(46,'ガイアナ','GY','0000-00-00 00:00:00',0,'0000-00-00 00:00:00',0,0),(47,'カザフスタン','KZ','0000-00-00 00:00:00',0,'0000-00-00 00:00:00',0,0),(48,'カタール','QA','0000-00-00 00:00:00',0,'0000-00-00 00:00:00',0,0),(49,'合衆国領有小離島','UM','0000-00-00 00:00:00',0,'0000-00-00 00:00:00',0,0),(50,'カナダ','CA','0000-00-00 00:00:00',0,'0000-00-00 00:00:00',0,0),(51,'カボベルデ','CV','0000-00-00 00:00:00',0,'0000-00-00 00:00:00',0,0),(52,'ガボン','GA','0000-00-00 00:00:00',0,'0000-00-00 00:00:00',0,0),(53,'カメルーン','CM','0000-00-00 00:00:00',0,'0000-00-00 00:00:00',0,0),(54,'ガンビア','GM','0000-00-00 00:00:00',0,'0000-00-00 00:00:00',0,0),(55,'カンボジア','KH','0000-00-00 00:00:00',0,'0000-00-00 00:00:00',0,0),(56,'北マリアナ諸島','MP','0000-00-00 00:00:00',0,'0000-00-00 00:00:00',0,0),(57,'ギニア','GN','0000-00-00 00:00:00',0,'0000-00-00 00:00:00',0,0),(58,'ギニアビサウ','GW','0000-00-00 00:00:00',0,'0000-00-00 00:00:00',0,0),(59,'キプロス','CY','0000-00-00 00:00:00',0,'0000-00-00 00:00:00',0,0),(60,'キューバ','CU','0000-00-00 00:00:00',0,'0000-00-00 00:00:00',0,0),(61,'キュラソー','CW','0000-00-00 00:00:00',0,'0000-00-00 00:00:00',0,0),(62,'ギリシャ','GR','0000-00-00 00:00:00',0,'0000-00-00 00:00:00',0,0),(63,'キリバス','KI','0000-00-00 00:00:00',0,'0000-00-00 00:00:00',0,0),(64,'キルギス','KG','0000-00-00 00:00:00',0,'0000-00-00 00:00:00',0,0),(65,'グアテマラ','GT','0000-00-00 00:00:00',0,'0000-00-00 00:00:00',0,0),(66,'グアドループ島','GP','0000-00-00 00:00:00',0,'0000-00-00 00:00:00',0,0),(67,'グアム','GU','0000-00-00 00:00:00',0,'0000-00-00 00:00:00',0,0),(68,'クウェート','KW','0000-00-00 00:00:00',0,'0000-00-00 00:00:00',0,0),(69,'クック諸島','CK','0000-00-00 00:00:00',0,'0000-00-00 00:00:00',0,0),(70,'グリーンランド','GL','0000-00-00 00:00:00',0,'0000-00-00 00:00:00',0,0),(71,'クリスマス島','CX','0000-00-00 00:00:00',0,'0000-00-00 00:00:00',0,0),(72,'グレナダ','GD','0000-00-00 00:00:00',0,'0000-00-00 00:00:00',0,0),(73,'クロアチア','HR','0000-00-00 00:00:00',0,'0000-00-00 00:00:00',0,0),(74,'ケイマン諸島','KY','0000-00-00 00:00:00',0,'0000-00-00 00:00:00',0,0),(75,'ケニア','KE','0000-00-00 00:00:00',0,'0000-00-00 00:00:00',0,0),(76,'コートジボワール','CI','0000-00-00 00:00:00',0,'0000-00-00 00:00:00',0,0),(77,'ココス（キーリング）諸島','CC','0000-00-00 00:00:00',0,'0000-00-00 00:00:00',0,0),(78,'コスタリカ','CR','0000-00-00 00:00:00',0,'0000-00-00 00:00:00',0,0),(79,'コモロ','KM','0000-00-00 00:00:00',0,'0000-00-00 00:00:00',0,0),(80,'コロンビア','CO','0000-00-00 00:00:00',0,'0000-00-00 00:00:00',0,0),(81,'コンゴ共和国','CG','0000-00-00 00:00:00',0,'0000-00-00 00:00:00',0,0),(82,'コンゴ民主共和国','CD','0000-00-00 00:00:00',0,'0000-00-00 00:00:00',0,0),(83,'サウジアラビア','SA','0000-00-00 00:00:00',0,'0000-00-00 00:00:00',0,0),(84,'サウスジョージア・サウスサンドウィッチ諸','GS','0000-00-00 00:00:00',0,'0000-00-00 00:00:00',0,0),(85,'サモア','WS','0000-00-00 00:00:00',0,'0000-00-00 00:00:00',0,0),(86,'サントメ・プリンシペ','ST','0000-00-00 00:00:00',0,'0000-00-00 00:00:00',0,0),(87,'サン・バルテルミー島','BL','0000-00-00 00:00:00',0,'0000-00-00 00:00:00',0,0),(88,'ザンビア','ZM','0000-00-00 00:00:00',0,'0000-00-00 00:00:00',0,0),(89,'サンピエール・ミクロン島','PM','0000-00-00 00:00:00',0,'0000-00-00 00:00:00',0,0),(90,'サンマリノ','SM','0000-00-00 00:00:00',0,'0000-00-00 00:00:00',0,0),(91,'サン・マルタン島','MF','0000-00-00 00:00:00',0,'0000-00-00 00:00:00',0,0),(92,'シエラレオネ','SL','0000-00-00 00:00:00',0,'0000-00-00 00:00:00',0,0),(93,'ジブチ','DJ','0000-00-00 00:00:00',0,'0000-00-00 00:00:00',0,0),(94,'ジブラルタル','GI','0000-00-00 00:00:00',0,'0000-00-00 00:00:00',0,0),(95,'ジャージー島','JE','0000-00-00 00:00:00',0,'0000-00-00 00:00:00',0,0),(96,'ジャマイカ','JM','0000-00-00 00:00:00',0,'0000-00-00 00:00:00',0,0),(97,'ジョージア','GE','0000-00-00 00:00:00',0,'0000-00-00 00:00:00',0,0),(98,'シリア・アラブ共和国','SY','0000-00-00 00:00:00',0,'0000-00-00 00:00:00',0,0),(99,'シンガポール','SG','0000-00-00 00:00:00',0,'0000-00-00 00:00:00',0,0),(100,'シント・マールテン（オランダ領）','SX','0000-00-00 00:00:00',0,'0000-00-00 00:00:00',0,0),(101,'ジンバブエ','ZW','0000-00-00 00:00:00',0,'0000-00-00 00:00:00',0,0),(102,'スイス','CH','0000-00-00 00:00:00',0,'0000-00-00 00:00:00',0,0),(103,'スウェーデン','SE','0000-00-00 00:00:00',0,'0000-00-00 00:00:00',0,0),(104,'スーダン','SD','0000-00-00 00:00:00',0,'0000-00-00 00:00:00',0,0),(105,'スバールバル諸島・ヤンマイエン島','SJ','0000-00-00 00:00:00',0,'0000-00-00 00:00:00',0,0),(106,'スペイン','ES','0000-00-00 00:00:00',0,'0000-00-00 00:00:00',0,0),(107,'スリナム','SR','0000-00-00 00:00:00',0,'0000-00-00 00:00:00',0,0),(108,'スリランカ','LK','0000-00-00 00:00:00',0,'0000-00-00 00:00:00',0,0),(109,'スロバキア','SK','0000-00-00 00:00:00',0,'0000-00-00 00:00:00',0,0),(110,'スロベニア','SI','0000-00-00 00:00:00',0,'0000-00-00 00:00:00',0,0),(111,'スワジランド','SZ','0000-00-00 00:00:00',0,'0000-00-00 00:00:00',0,0),(112,'セーシェル','SC','0000-00-00 00:00:00',0,'0000-00-00 00:00:00',0,0),(113,'赤道ギニア','GQ','0000-00-00 00:00:00',0,'0000-00-00 00:00:00',0,0),(114,'セネガル','SN','0000-00-00 00:00:00',0,'0000-00-00 00:00:00',0,0),(115,'セルビア','RS','0000-00-00 00:00:00',0,'0000-00-00 00:00:00',0,0),(116,'セントクリストファー・ネビス','KN','0000-00-00 00:00:00',0,'0000-00-00 00:00:00',0,0),(117,'セントビンセント・グレナディーン','VC','0000-00-00 00:00:00',0,'0000-00-00 00:00:00',0,0),(118,'セントヘレナ・アセンションおよびトリスタ','SH','0000-00-00 00:00:00',0,'0000-00-00 00:00:00',0,0),(119,'セントルシア','LC','0000-00-00 00:00:00',0,'0000-00-00 00:00:00',0,0),(120,'ソマリア','SO','0000-00-00 00:00:00',0,'0000-00-00 00:00:00',0,0),(121,'ソロモン諸島','SB','0000-00-00 00:00:00',0,'0000-00-00 00:00:00',0,0),(122,'タークスカイコス諸島','TC','0000-00-00 00:00:00',0,'0000-00-00 00:00:00',0,0),(123,'タイ','TH','0000-00-00 00:00:00',0,'0000-00-00 00:00:00',0,0),(124,'大韓民国 (韓国)','KR','0000-00-00 00:00:00',0,'0000-00-00 00:00:00',0,0),(125,'台湾','TW','0000-00-00 00:00:00',0,'0000-00-00 00:00:00',0,0),(126,'タジキスタン','TJ','0000-00-00 00:00:00',0,'0000-00-00 00:00:00',0,0),(127,'タンザニア','TZ','0000-00-00 00:00:00',0,'0000-00-00 00:00:00',0,0),(128,'チェコ','CZ','0000-00-00 00:00:00',0,'0000-00-00 00:00:00',0,0),(129,'チャド','TD','0000-00-00 00:00:00',0,'0000-00-00 00:00:00',0,0),(130,'中央アフリカ','CF','0000-00-00 00:00:00',0,'0000-00-00 00:00:00',0,0),(131,'中華人民共和国 (中国)','CN','0000-00-00 00:00:00',0,'0000-00-00 00:00:00',0,0),(132,'チュニジア','TN','0000-00-00 00:00:00',0,'0000-00-00 00:00:00',0,0),(133,'朝鮮民主主義人民共和国 (北朝鮮)','KP','0000-00-00 00:00:00',0,'0000-00-00 00:00:00',0,0),(134,'チリ','CL','0000-00-00 00:00:00',0,'0000-00-00 00:00:00',0,0),(135,'ツバル','TV','0000-00-00 00:00:00',0,'0000-00-00 00:00:00',0,0),(136,'デンマーク','DK','0000-00-00 00:00:00',0,'0000-00-00 00:00:00',0,0),(137,'ドイツ','DE','0000-00-00 00:00:00',0,'0000-00-00 00:00:00',0,0),(138,'トーゴ','TG','0000-00-00 00:00:00',0,'0000-00-00 00:00:00',0,0),(139,'トケラウ諸島','TK','0000-00-00 00:00:00',0,'0000-00-00 00:00:00',0,0),(140,'ドミニカ共和国','DO','0000-00-00 00:00:00',0,'0000-00-00 00:00:00',0,0),(141,'ドミニカ','DM','0000-00-00 00:00:00',0,'0000-00-00 00:00:00',0,0),(142,'トリニダード・トバゴ','TT','0000-00-00 00:00:00',0,'0000-00-00 00:00:00',0,0),(143,'トルクメニスタン','TM','0000-00-00 00:00:00',0,'0000-00-00 00:00:00',0,0),(144,'トルコ','TR','0000-00-00 00:00:00',0,'0000-00-00 00:00:00',0,0),(145,'トンガ','TO','0000-00-00 00:00:00',0,'0000-00-00 00:00:00',0,0),(146,'ナイジェリア','NG','0000-00-00 00:00:00',0,'0000-00-00 00:00:00',0,0),(147,'ナウル','NR','0000-00-00 00:00:00',0,'0000-00-00 00:00:00',0,0),(148,'ナミビア','NA','0000-00-00 00:00:00',0,'0000-00-00 00:00:00',0,0),(149,'南極','AQ','0000-00-00 00:00:00',0,'0000-00-00 00:00:00',0,0),(150,'ニウエ','NU','0000-00-00 00:00:00',0,'0000-00-00 00:00:00',0,0),(151,'ニカラグア','NI','0000-00-00 00:00:00',0,'0000-00-00 00:00:00',0,0),(152,'ニジェール','NE','0000-00-00 00:00:00',0,'0000-00-00 00:00:00',0,0),(153,'西サハラ','EH','0000-00-00 00:00:00',0,'0000-00-00 00:00:00',0,0),(154,'ニューカレドニア','NC','0000-00-00 00:00:00',0,'0000-00-00 00:00:00',0,0),(155,'ニュージーランド','NZ','0000-00-00 00:00:00',0,'0000-00-00 00:00:00',0,0),(156,'ネパール','NP','0000-00-00 00:00:00',0,'0000-00-00 00:00:00',0,0),(157,'ノーフォーク島','NF','0000-00-00 00:00:00',0,'0000-00-00 00:00:00',0,0),(158,'ノルウェー','NO','0000-00-00 00:00:00',0,'0000-00-00 00:00:00',0,0),(159,'ハード島・マクドナルド諸島','HM','0000-00-00 00:00:00',0,'0000-00-00 00:00:00',0,0),(160,'バーレーン','BH','0000-00-00 00:00:00',0,'0000-00-00 00:00:00',0,0),(161,'ハイチ','HT','0000-00-00 00:00:00',0,'0000-00-00 00:00:00',0,0),(162,'パキスタン','PK','0000-00-00 00:00:00',0,'0000-00-00 00:00:00',0,0),(163,'バチカン市国','VA','0000-00-00 00:00:00',0,'0000-00-00 00:00:00',0,0),(164,'パナマ','PA','0000-00-00 00:00:00',0,'0000-00-00 00:00:00',0,0),(165,'バヌアツ','VU','0000-00-00 00:00:00',0,'0000-00-00 00:00:00',0,0),(166,'バハマ','BS','0000-00-00 00:00:00',0,'0000-00-00 00:00:00',0,0),(167,'パプアニューギニア','PG','0000-00-00 00:00:00',0,'0000-00-00 00:00:00',0,0),(168,'バミューダ諸島','BM','0000-00-00 00:00:00',0,'0000-00-00 00:00:00',0,0),(169,'パラオ','PW','0000-00-00 00:00:00',0,'0000-00-00 00:00:00',0,0),(170,'パラグアイ','PY','0000-00-00 00:00:00',0,'0000-00-00 00:00:00',0,0),(171,'バルバドス','BB','0000-00-00 00:00:00',0,'0000-00-00 00:00:00',0,0),(172,'パレスチナ','PS','0000-00-00 00:00:00',0,'0000-00-00 00:00:00',0,0),(173,'ハンガリー','HU','0000-00-00 00:00:00',0,'0000-00-00 00:00:00',0,0),(174,'バングラデシュ','BD','0000-00-00 00:00:00',0,'0000-00-00 00:00:00',0,0),(175,'東ティモール','TL','0000-00-00 00:00:00',0,'0000-00-00 00:00:00',0,0),(176,'ピトケアン','PN','0000-00-00 00:00:00',0,'0000-00-00 00:00:00',0,0),(177,'フィジー','FJ','0000-00-00 00:00:00',0,'0000-00-00 00:00:00',0,0),(178,'フィリピン','PH','0000-00-00 00:00:00',0,'0000-00-00 00:00:00',0,0),(179,'フィンランド','FI','0000-00-00 00:00:00',0,'0000-00-00 00:00:00',0,0),(180,'ブータン','BT','0000-00-00 00:00:00',0,'0000-00-00 00:00:00',0,0),(181,'ブーベ島','BV','0000-00-00 00:00:00',0,'0000-00-00 00:00:00',0,0),(182,'プエルトリコ','PR','0000-00-00 00:00:00',0,'0000-00-00 00:00:00',0,0),(183,'フェロー諸島','FO','0000-00-00 00:00:00',0,'0000-00-00 00:00:00',0,0),(184,'フォークランド（マルビナス）諸島','FK','0000-00-00 00:00:00',0,'0000-00-00 00:00:00',0,0),(185,'ブラジル','BR','0000-00-00 00:00:00',0,'0000-00-00 00:00:00',0,0),(186,'フランス','FR','0000-00-00 00:00:00',0,'0000-00-00 00:00:00',0,0),(187,'フランス領ギアナ','GF','0000-00-00 00:00:00',0,'0000-00-00 00:00:00',0,0),(188,'フランス領ポリネシア','PF','0000-00-00 00:00:00',0,'0000-00-00 00:00:00',0,0),(189,'フランス領南方・南極地域','TF','0000-00-00 00:00:00',0,'0000-00-00 00:00:00',0,0),(190,'ブルガリア','BG','0000-00-00 00:00:00',0,'0000-00-00 00:00:00',0,0),(191,'ブルキナファソ','BF','0000-00-00 00:00:00',0,'0000-00-00 00:00:00',0,0),(192,'ブルネイ・ダルサラーム','BN','0000-00-00 00:00:00',0,'0000-00-00 00:00:00',0,0),(193,'ブルンジ','BI','0000-00-00 00:00:00',0,'0000-00-00 00:00:00',0,0),(194,'ベトナム','VN','0000-00-00 00:00:00',0,'0000-00-00 00:00:00',0,0),(195,'ベナン','BJ','0000-00-00 00:00:00',0,'0000-00-00 00:00:00',0,0),(196,'ベネズエラ・ボリバル共和国','VE','0000-00-00 00:00:00',0,'0000-00-00 00:00:00',0,0),(197,'ベラルーシ','BY','0000-00-00 00:00:00',0,'0000-00-00 00:00:00',0,0),(198,'ベリーズ','BZ','0000-00-00 00:00:00',0,'0000-00-00 00:00:00',0,0),(199,'ペルー','PE','0000-00-00 00:00:00',0,'0000-00-00 00:00:00',0,0),(200,'ベルギー','BE','0000-00-00 00:00:00',0,'0000-00-00 00:00:00',0,0),(201,'ポーランド','PL','0000-00-00 00:00:00',0,'0000-00-00 00:00:00',0,0),(202,'ボスニア・ヘルツェゴビナ','BA','0000-00-00 00:00:00',0,'0000-00-00 00:00:00',0,0),(203,'ボツワナ','BW','0000-00-00 00:00:00',0,'0000-00-00 00:00:00',0,0),(204,'ボネール、シント・ユースタティウスおよび','BQ','0000-00-00 00:00:00',0,'0000-00-00 00:00:00',0,0),(205,'ボリビア多民族国','BO','0000-00-00 00:00:00',0,'0000-00-00 00:00:00',0,0),(206,'ポルトガル','PT','0000-00-00 00:00:00',0,'0000-00-00 00:00:00',0,0),(207,'香港','HK','0000-00-00 00:00:00',0,'0000-00-00 00:00:00',0,0),(208,'ホンジュラス','HN','0000-00-00 00:00:00',0,'0000-00-00 00:00:00',0,0),(209,'マーシャル諸島','MH','0000-00-00 00:00:00',0,'0000-00-00 00:00:00',0,0),(210,'マカオ','MO','0000-00-00 00:00:00',0,'0000-00-00 00:00:00',0,0),(211,'マケドニア旧ユーゴスラビア共和国','MK','0000-00-00 00:00:00',0,'0000-00-00 00:00:00',0,0),(212,'マダガスカル','MG','0000-00-00 00:00:00',0,'0000-00-00 00:00:00',0,0),(213,'マヨット島','YT','0000-00-00 00:00:00',0,'0000-00-00 00:00:00',0,0),(214,'マラウイ','MW','0000-00-00 00:00:00',0,'0000-00-00 00:00:00',0,0),(215,'マリ','ML','0000-00-00 00:00:00',0,'0000-00-00 00:00:00',0,0),(216,'マルタ','MT','0000-00-00 00:00:00',0,'0000-00-00 00:00:00',0,0),(217,'マルティニク','MQ','0000-00-00 00:00:00',0,'0000-00-00 00:00:00',0,0),(218,'マレーシア','MY','0000-00-00 00:00:00',0,'0000-00-00 00:00:00',0,0),(219,'マン島','IM','0000-00-00 00:00:00',0,'0000-00-00 00:00:00',0,0),(220,'ミクロネシア連邦','FM','0000-00-00 00:00:00',0,'0000-00-00 00:00:00',0,0),(221,'南アフリカ共和国','ZA','0000-00-00 00:00:00',0,'0000-00-00 00:00:00',0,0),(222,'南スーダン','SS','0000-00-00 00:00:00',0,'0000-00-00 00:00:00',0,0),(223,'ミャンマー','MM','0000-00-00 00:00:00',0,'0000-00-00 00:00:00',0,0),(224,'メキシコ','MX','0000-00-00 00:00:00',0,'0000-00-00 00:00:00',0,0),(225,'モーリシャス','MU','0000-00-00 00:00:00',0,'0000-00-00 00:00:00',0,0),(226,'モーリタニア','MR','0000-00-00 00:00:00',0,'0000-00-00 00:00:00',0,0),(227,'モザンビーク','MZ','0000-00-00 00:00:00',0,'0000-00-00 00:00:00',0,0),(228,'モナコ','MC','0000-00-00 00:00:00',0,'0000-00-00 00:00:00',0,0),(229,'モルディブ','MV','0000-00-00 00:00:00',0,'0000-00-00 00:00:00',0,0),(230,'モルドバ共和国','MD','0000-00-00 00:00:00',0,'0000-00-00 00:00:00',0,0),(231,'モロッコ','MA','0000-00-00 00:00:00',0,'0000-00-00 00:00:00',0,0),(232,'モンゴル','MN','0000-00-00 00:00:00',0,'0000-00-00 00:00:00',0,0),(233,'モンテネグロ','ME','0000-00-00 00:00:00',0,'0000-00-00 00:00:00',0,0),(234,'モントセラト','MS','0000-00-00 00:00:00',0,'0000-00-00 00:00:00',0,0),(235,'ヨルダン','JO','0000-00-00 00:00:00',0,'0000-00-00 00:00:00',0,0),(236,'ラオス人民民主共和国','LA','0000-00-00 00:00:00',0,'0000-00-00 00:00:00',0,0),(237,'ラトビア','LV','0000-00-00 00:00:00',0,'0000-00-00 00:00:00',0,0),(238,'リトアニア','LT','0000-00-00 00:00:00',0,'0000-00-00 00:00:00',0,0),(239,'リビア','LY','0000-00-00 00:00:00',0,'0000-00-00 00:00:00',0,0),(240,'リヒテンシュタイン','LI','0000-00-00 00:00:00',0,'0000-00-00 00:00:00',0,0),(241,'リベリア','LR','0000-00-00 00:00:00',0,'0000-00-00 00:00:00',0,0),(242,'ルーマニア','RO','0000-00-00 00:00:00',0,'0000-00-00 00:00:00',0,0),(243,'ルクセンブルク','LU','0000-00-00 00:00:00',0,'0000-00-00 00:00:00',0,0),(244,'ルワンダ','RW','0000-00-00 00:00:00',0,'0000-00-00 00:00:00',0,0),(245,'レソト','LS','0000-00-00 00:00:00',0,'0000-00-00 00:00:00',0,0),(246,'レバノン','LB','0000-00-00 00:00:00',0,'0000-00-00 00:00:00',0,0),(247,'レユニオン','RE','0000-00-00 00:00:00',0,'0000-00-00 00:00:00',0,0),(248,'ロシア','RU','0000-00-00 00:00:00',0,'0000-00-00 00:00:00',0,0),(249,'ワリスフュチュナ','WF','0000-00-00 00:00:00',0,'0000-00-00 00:00:00',0,0);
/*!40000 ALTER TABLE `m_country` ENABLE KEYS */;
UNLOCK TABLES;

--
-- Table structure for table `m_crossinfinity`
--

DROP TABLE IF EXISTS `m_crossinfinity`;
/*!40101 SET @saved_cs_client     = @@character_set_client */;
/*!40101 SET character_set_client = utf8 */;
CREATE TABLE `m_crossinfinity` (
  `ci_id` int(3) unsigned NOT NULL AUTO_INCREMENT,
  `information_name` varchar(255) COLLATE utf8_unicode_ci DEFAULT NULL,
  `information_content` varchar(255) COLLATE utf8_unicode_ci DEFAULT NULL,
  `update_date` datetime DEFAULT NULL,
  `update_user` int(10) DEFAULT NULL,
  `create_date` datetime NOT NULL,
  `create_user` int(10) NOT NULL,
  `delete_flg` tinyint(1) NOT NULL,
  PRIMARY KEY (`ci_id`)
) ENGINE=InnoDB AUTO_INCREMENT=17 DEFAULT CHARSET=utf8 COLLATE=utf8_unicode_ci;
/*!40101 SET character_set_client = @saved_cs_client */;

--
-- Dumping data for table `m_crossinfinity`
--

LOCK TABLES `m_crossinfinity` WRITE;
/*!40000 ALTER TABLE `m_crossinfinity` DISABLE KEYS */;
INSERT INTO `m_crossinfinity` VALUES (1,'会社名','Cross Infinity','0000-00-00 00:00:00',0,'0000-00-00 00:00:00',0,0),(2,'金融機関名','三井住友銀行','0000-00-00 00:00:00',0,'0000-00-00 00:00:00',0,0),(3,'店番号','京橋支店','0000-00-00 00:00:00',0,'0000-00-00 00:00:00',0,0),(4,'預金種目','普通預金','0000-00-00 00:00:00',0,'0000-00-00 00:00:00',0,0),(5,'口座番号','8423985','0000-00-00 00:00:00',0,'0000-00-00 00:00:00',0,0),(6,'口座名義人','カ）タケヤニ','0000-00-00 00:00:00',0,'0000-00-00 00:00:00',0,0),(7,'企業年会費','12000','0000-00-00 00:00:00',0,'0000-00-00 00:00:00',0,0),(8,'URL','http://cross-infinity.com','0000-00-00 00:00:00',0,'0000-00-00 00:00:00',0,0),(9,'お問合せメール','qa@cross-infinity.com','0000-00-00 00:00:00',0,'0000-00-00 00:00:00',0,0),(10,'infoメール','info@cross-infinity.com','0000-00-00 00:00:00',0,'0000-00-00 00:00:00',0,0),(11,'利用規約(会員様)','<a href=\"http://dev.cross-infinity.com/assets/pdf/CROSS INFINITY 会員利用規約.pdf\" target=\"_blank\">利用規約PDF</a>','0000-00-00 00:00:00',0,'0000-00-00 00:00:00',0,0),(12,'運営費ポイント率','30','0000-00-00 00:00:00',0,'0000-00-00 00:00:00',0,0),(13,'紹介者ポイント率','50','0000-00-00 00:00:00',0,'0000-00-00 00:00:00',0,0),(14,'企業紹介者ポイント','20','0000-00-00 00:00:00',0,'0000-00-00 00:00:00',0,0),(15,'使用ポイント上限','1000','0000-00-00 00:00:00',0,'0000-00-00 00:00:00',0,0),(16,'利用規約(企業様)','<a href=\"http://dev.cross-infinity.com/assets/pdf/CROSS%20INFINITY%20企業利用規約.pdf\" target=\"_blank\">利用規約PDF</a>','0000-00-00 00:00:00',0,'0000-00-00 00:00:00',0,0);
/*!40000 ALTER TABLE `m_crossinfinity` ENABLE KEYS */;
UNLOCK TABLES;

--
-- Table structure for table `m_prefecture`
--

DROP TABLE IF EXISTS `m_prefecture`;
/*!40101 SET @saved_cs_client     = @@character_set_client */;
/*!40101 SET character_set_client = utf8 */;
CREATE TABLE `m_prefecture` (
  `prefecture_id` int(2) unsigned NOT NULL AUTO_INCREMENT,
  `prefecture_name` varchar(20) COLLATE utf8_unicode_ci DEFAULT NULL,
  `update_date` datetime DEFAULT NULL,
  `update_user` int(10) DEFAULT NULL,
  `create_date` datetime NOT NULL,
  `create_user` int(10) NOT NULL,
  `delete_flg` tinyint(1) NOT NULL,
  PRIMARY KEY (`prefecture_id`)
) ENGINE=InnoDB AUTO_INCREMENT=48 DEFAULT CHARSET=utf8 COLLATE=utf8_unicode_ci;
/*!40101 SET character_set_client = @saved_cs_client */;

--
-- Dumping data for table `m_prefecture`
--

LOCK TABLES `m_prefecture` WRITE;
/*!40000 ALTER TABLE `m_prefecture` DISABLE KEYS */;
INSERT INTO `m_prefecture` VALUES (1,'北海道','0000-00-00 00:00:00',0,'0000-00-00 00:00:00',0,0),(2,'青森県','0000-00-00 00:00:00',0,'0000-00-00 00:00:00',0,0),(3,'岩手県','0000-00-00 00:00:00',0,'0000-00-00 00:00:00',0,0),(4,'宮城県','0000-00-00 00:00:00',0,'0000-00-00 00:00:00',0,0),(5,'秋田県','0000-00-00 00:00:00',0,'0000-00-00 00:00:00',0,0),(6,'山形県','0000-00-00 00:00:00',0,'0000-00-00 00:00:00',0,0),(7,'福島県','0000-00-00 00:00:00',0,'0000-00-00 00:00:00',0,0),(8,'茨城県','0000-00-00 00:00:00',0,'0000-00-00 00:00:00',0,0),(9,'栃木県','0000-00-00 00:00:00',0,'0000-00-00 00:00:00',0,0),(10,'群馬県','0000-00-00 00:00:00',0,'0000-00-00 00:00:00',0,0),(11,'埼玉県','0000-00-00 00:00:00',0,'0000-00-00 00:00:00',0,0),(12,'千葉県','0000-00-00 00:00:00',0,'0000-00-00 00:00:00',0,0),(13,'東京都','0000-00-00 00:00:00',0,'0000-00-00 00:00:00',0,0),(14,'神奈川県','0000-00-00 00:00:00',0,'0000-00-00 00:00:00',0,0),(15,'新潟県','0000-00-00 00:00:00',0,'0000-00-00 00:00:00',0,0),(16,'富山県','0000-00-00 00:00:00',0,'0000-00-00 00:00:00',0,0),(17,'石川県','0000-00-00 00:00:00',0,'0000-00-00 00:00:00',0,0),(18,'福井県','0000-00-00 00:00:00',0,'0000-00-00 00:00:00',0,0),(19,'山梨県','0000-00-00 00:00:00',0,'0000-00-00 00:00:00',0,0),(20,'長野県','0000-00-00 00:00:00',0,'0000-00-00 00:00:00',0,0),(21,'岐阜県','0000-00-00 00:00:00',0,'0000-00-00 00:00:00',0,0),(22,'静岡県','0000-00-00 00:00:00',0,'0000-00-00 00:00:00',0,0),(23,'愛知県','0000-00-00 00:00:00',0,'0000-00-00 00:00:00',0,0),(24,'三重県','0000-00-00 00:00:00',0,'0000-00-00 00:00:00',0,0),(25,'滋賀県','0000-00-00 00:00:00',0,'0000-00-00 00:00:00',0,0),(26,'京都府','0000-00-00 00:00:00',0,'0000-00-00 00:00:00',0,0),(27,'大阪府','0000-00-00 00:00:00',0,'0000-00-00 00:00:00',0,0),(28,'兵庫県','0000-00-00 00:00:00',0,'0000-00-00 00:00:00',0,0),(29,'奈良県','0000-00-00 00:00:00',0,'0000-00-00 00:00:00',0,0),(30,'和歌山県','0000-00-00 00:00:00',0,'0000-00-00 00:00:00',0,0),(31,'鳥取県','0000-00-00 00:00:00',0,'0000-00-00 00:00:00',0,0),(32,'島根県','0000-00-00 00:00:00',0,'0000-00-00 00:00:00',0,0),(33,'岡山県','0000-00-00 00:00:00',0,'0000-00-00 00:00:00',0,0),(34,'広島県','0000-00-00 00:00:00',0,'0000-00-00 00:00:00',0,0),(35,'山口県','0000-00-00 00:00:00',0,'0000-00-00 00:00:00',0,0),(36,'徳島県','0000-00-00 00:00:00',0,'0000-00-00 00:00:00',0,0),(37,'香川県','0000-00-00 00:00:00',0,'0000-00-00 00:00:00',0,0),(38,'愛媛県','0000-00-00 00:00:00',0,'0000-00-00 00:00:00',0,0),(39,'高知県','0000-00-00 00:00:00',0,'0000-00-00 00:00:00',0,0),(40,'福岡県','0000-00-00 00:00:00',0,'0000-00-00 00:00:00',0,0),(41,'佐賀県','0000-00-00 00:00:00',0,'0000-00-00 00:00:00',0,0),(42,'長崎県','0000-00-00 00:00:00',0,'0000-00-00 00:00:00',0,0),(43,'熊本県','0000-00-00 00:00:00',0,'0000-00-00 00:00:00',0,0),(44,'大分県','0000-00-00 00:00:00',0,'0000-00-00 00:00:00',0,0),(45,'宮崎県','0000-00-00 00:00:00',0,'0000-00-00 00:00:00',0,0),(46,'鹿児島県','0000-00-00 00:00:00',0,'0000-00-00 00:00:00',0,0),(47,'沖縄県','0000-00-00 00:00:00',0,'0000-00-00 00:00:00',0,0);
/*!40000 ALTER TABLE `m_prefecture` ENABLE KEYS */;
UNLOCK TABLES;

--
-- Table structure for table `t_company`
--

DROP TABLE IF EXISTS `t_company`;
/*!40101 SET @saved_cs_client     = @@character_set_client */;
/*!40101 SET character_set_client = utf8 */;
CREATE TABLE `t_company` (
  `cid` int(10) unsigned NOT NULL AUTO_INCREMENT,
  `name` varchar(50) COLLATE utf8_unicode_ci NOT NULL,
  `post_code` varchar(15) COLLATE utf8_unicode_ci DEFAULT NULL,
  `prefecture_id` tinyint(2) NOT NULL,
  `city` varchar(30) COLLATE utf8_unicode_ci DEFAULT NULL,
  `street_address` varchar(100) COLLATE utf8_unicode_ci DEFAULT NULL,
  `address` varchar(200) COLLATE utf8_unicode_ci DEFAULT NULL,
  `station` varchar(100) COLLATE utf8_unicode_ci DEFAULT NULL,
  `tel` varchar(20) COLLATE utf8_unicode_ci NOT NULL,
  `mail` varchar(255) COLLATE utf8_unicode_ci NOT NULL,
  `outside_url` varchar(255) COLLATE utf8_unicode_ci DEFAULT NULL,
  `public_relations` text COLLATE utf8_unicode_ci,
  `representative` varchar(50) COLLATE utf8_unicode_ci NOT NULL,
  `rep_tel` varchar(20) COLLATE utf8_unicode_ci NOT NULL,
  `rep_address` varchar(255) COLLATE utf8_unicode_ci NOT NULL,
  `introduce_uid` int(10) NOT NULL,
  `category_id` int(2) DEFAULT NULL,
  `bank_name` varchar(50) COLLATE utf8_unicode_ci NOT NULL,
  `bank_branch_number` varchar(20) COLLATE utf8_unicode_ci NOT NULL,
  `bank_type` varchar(20) COLLATE utf8_unicode_ci NOT NULL,
  `bank_number` varchar(20) COLLATE utf8_unicode_ci NOT NULL,
  `bank_holder` varchar(50) COLLATE utf8_unicode_ci NOT NULL,
  `password_login` varchar(50) COLLATE utf8_unicode_ci NOT NULL,
  `password_reward` varchar(50) COLLATE utf8_unicode_ci NOT NULL,
  `country_id` int(3) NOT NULL,
  `introduction_count` int(15) NOT NULL,
  `update_date` datetime DEFAULT NULL,
  `update_user` int(10) DEFAULT NULL,
  `create_date` datetime NOT NULL,
  `create_user` int(10) NOT NULL,
  `delete_flg` tinyint(1) NOT NULL,
  `remember_token` varchar(50) COLLATE utf8_unicode_ci DEFAULT NULL,
  `cid_name` varchar(15) COLLATE utf8_unicode_ci NOT NULL,
  `password_login_length` int(2) DEFAULT NULL,
  `password_reward_length` int(2) DEFAULT NULL,
  `reset_password_token` varchar(255) CHARACTER SET utf8 DEFAULT NULL,
  PRIMARY KEY (`cid`)
) ENGINE=InnoDB AUTO_INCREMENT=84 DEFAULT CHARSET=utf8 COLLATE=utf8_unicode_ci;
/*!40101 SET character_set_client = @saved_cs_client */;

--
-- Dumping data for table `t_company`
--

LOCK TABLES `t_company` WRITE;
/*!40000 ALTER TABLE `t_company` DISABLE KEYS */;
INSERT INTO `t_company` VALUES (0,'takeyani','000-0000',0,'0','0','0','0','0-0-0','0','','','0','0-0-0','0',0,0,'0','0','0','0','0','abb74d6129e5786fc1ca8ff7737c5a90','d425951227257402593e075f7a184ffe',1,0,'0000-00-00 00:00:00',0,'0000-00-00 00:00:00',0,0,NULL,'JPC000000000',8,8,NULL),(30,'demo','123-4567',6,'demo','demo','6, demo, demo','demo','123-123-123','thunderclap560@gmail.com','http://saokpop.com','社PR','demo','1-1-1','thunderclap560@gmail.com',30,0,'1','1','1','1','1','78899c3eb3d194b84383ff0f82dd2075','f1f8384ed49e7c380a653d0a47e65741',1,0,'2015-12-08 14:24:57',0,'2015-12-08 14:24:57',0,0,NULL,'JPC000000030',9,11,NULL),(31,'test1222','222-2222',2,'test1222','test1222','青森県test1222test1222','2222','222-2222-222','hoangphuc50@gmail.com','','2222','test1222','22-222-222','toru.kaneko@accjpn.com',32,0,'test122','222','0','2222','test1222','459b22f80614969e9393969222e2fd3f','28f6d6f28e8ba4cda3d41cd36945ea37',1,1,'2016-03-03 10:19:39',31,'2015-12-08 16:07:32',0,0,NULL,'JPC000000031',10,11,NULL),(32,'test2','000-0000',1,'test2','test2','1, test2, test2','test2','00000-00000-00000','toru.kaneko1@accjpn.com','','','test2','00000-00000-00000','toru.kaneko@accjpn.com',33,0,'test2','0','0','0','test2','abb74d6129e5786fc1ca8ff7737c5a90','3233bf42daeae90c156ed159d18ba8b0',1,0,'2016-01-06 11:10:39',32,'2015-12-08 18:46:25',0,0,NULL,'JPC000000032',8,16,NULL),(33,'test1','000-0000',1,'test1','test1','1, test1, test1','','00000-00000-00000','toru.kaneko1@accjpn.com','','','test1','00000-00000-00000','toru.kaneko@accjpn.com',33,0,'test1','0','0','0','test1','3233bf42daeae90c156ed159d18ba8b0','de200810868914d3a680f09b2f6daad6',1,0,'2015-12-08 19:17:22',33,'2015-12-08 19:17:22',0,0,NULL,'JPC000000033',8,10,NULL),(34,'test1','000-0000',1,'test1','test1','1, test1, test1','','0000-0000-0000','toru.kaneko1@accjpn.com','','','test1','0000-00000-0000','toru.kaneko@accjpn.com',33,0,'test1','0','0','0','test1','abb74d6129e5786fc1ca8ff7737c5a90','d425951227257402593e075f7a184ffe',1,0,'2015-12-08 21:06:44',34,'2015-12-08 21:06:44',0,0,NULL,'JPC000000034',8,8,NULL),(40,'thunderclap','222-2222',3,'thunderclap','thunderclap','3, thunderclap, thunderclap','thunderclap','12312-12312-12312','thunderclap1030@gmail.com','http://saokpop.com','thunderclap','thunderclap','1-1-1','thunderclap@gmail.com',30,16,'1','1','0','1','1','78899c3eb3d194b84383ff0f82dd2075','abc292576e8138b10f8b97df42563219',1,0,'2015-12-16 15:45:33',40,'2015-12-16 15:45:33',40,0,NULL,'JPC000000040',9,10,NULL),(41,'test121801','000-0000',1,'test121801','test121801','1, test121801, test121801','test121801','0-0-0','toru.kaneko1@accjpn.com','http://dev.cross-infinity.com','','test121801','0-0-0','toru.kaneko@accjpn.com',30,0,'test121801','0','0','0','test121801','5bb43f2c4f1a07219b257468ea8e7981','d425951227257402593e075f7a184ffe',1,0,'2015-12-18 14:48:40',41,'2015-12-18 14:46:14',41,0,NULL,'JPC000000041',9,8,NULL),(42,'株式会社技評','142-0041',13,'品川区','戸越','13, 品川区, 戸越','品川駅','123-5568-4587','gihyo@test.co.jp','https://www.google.co.jp/','特に無し','技評太郎','785-451-1234','gihyo.taro@gihyo.co.jp',46,23,'技評','12345','0','987654321','技評三郎','240c95bcf512c05809cbe1a3d234ca18','446b254555098fdd9a8f196748dc6ffa',1,3,'2015-12-18 14:46:59',42,'2015-12-18 14:46:59',42,0,NULL,'JPC000000042',8,9,NULL),(43,'tamaaaaaaaaaaaaaaaaaaaaaaaaaaaaaaaaaaaaaaaaaaaaaaa','111-1111',1,'111aaaaaaaaaaaaaaaaaaaaaaaaaaa','1111aaaaaaaaaaaaaaaaaaaaaaaaaaaaaaaaaaaaaaaaaaaaaaaaaaaaaaaaaaaaaaaaaaaaaaaaaaaaaaaaaaaaaaaaaaaaaaaa','北海道111aaaaaaaaaaaaaaaaaaaaaaaaaaa1111aaaaaaaaaaaaaaaaaaaaaaaaaaaaaaaaaaaaaaaaaaaaaaaaaaaaaaaaaaaaaaaaaaaaaaaaaaaaaaaaaaaaaaaaaaaaaaaa','111aaaaaaaaaaaaaaaaaaaaaaaaaaaaaaaaaaaaaaaaaaaaaaaaaaaaaaaaaaaaaaaaaaaaaaaaaaaaaaaaaaaaaaaaaaaaaaaaa','00000-00000-00000','pthanhtam91dn@gmail.com','http://google.com','会社PRaaaaaaaaaaaaaaaaaaaaaaaaaaaaaaaaaaaaaaaaaaaaaaaaaaaaaaaaaaaaaaaaaaaaaaaaaaaaaaaaaaaaaaaaaaaaaaaaaaaaaaaaaaaaaaaaaaaaaaaaaaaaaaaaaaaaaaaaaaaaaaaaaaaaaaaaaaaaaaaaaaaaaaaaaaaaaaaaaaaaaaaaaaaaaaaaaaaaaaaaaaaaaaaaaaaaaaaaaaaaaaaaaaaaaaaaaaaaaaaaaaaaaaaaaaaaaaaaaaaaaaaaaaaaaaa','担当者名','00000-0000-00000','pthanhtam91dn@gmail.com',30,3,'金融機関名','1111','1','111','口座名義人','f19a41d3ca2a9870717588efb0ccebaf','92a82af132b2791ef41b0a41bc945fb7',1,0,'2015-12-23 19:15:44',43,'2015-12-18 16:40:05',43,0,NULL,'JPC000000043',9,10,NULL),(44,'テストアジア','812-0012',40,'福岡市','博多駅前','福岡県, 福岡市, 博多駅前','博多駅','123-5568-4587','toru.kaneko1@accjpn.com','https://www.google.co.jp/','特に無し','技評太郎','785-451-1234','gihyo.taro@gihyo.co.jp',46,23,'技評','12345','0','987654321','技評三郎','abb74d6129e5786fc1ca8ff7737c5a90','446b254555098fdd9a8f196748dc6ffa',1,58,'2016-01-07 23:24:15',44,'2015-12-21 15:26:10',44,0,NULL,'JPC000000044',8,9,NULL),(45,'株式会社テスト太郎','850-1212',4,'宮城市','○×△','宮城県宮城市○×△','宮城駅','321-654-987','test.taro@taroinc.co.jp','','','テスト三郎','987-658-6546','test.saburo@taroinc.co.jp',47,17,'テスト','123456','0','123456','テスト三郎','240c95bcf512c05809cbe1a3d234ca18','446b254555098fdd9a8f196748dc6ffa',1,1,'2015-12-21 17:55:12',45,'2015-12-21 17:55:12',45,0,NULL,'JPC000000045',8,9,NULL),(46,'test122301','000-0000',1,'test122301','test122301','北海道test122301test122301','test122301','0-0-0','toru.kaneko1@accjpn.com','','','test122301','0-0-0','toru.kaneko@accjpn.com',33,0,'test122301','122301','0','122301','test122301','abb74d6129e5786fc1ca8ff7737c5a90','d425951227257402593e075f7a184ffe',1,0,'2015-12-23 13:56:13',46,'2015-12-23 09:27:32',46,0,NULL,'JPC000000046',8,8,NULL),(47,'test','000-0000',1,'test','test','北海道testtest','test','0-0-0','toru.kaneko1@accjpn.com','','','test','0-0-0','toru.kaneko@accjpn.com',33,0,'test','0','0','0000','test','abb74d6129e5786fc1ca8ff7737c5a90','d425951227257402593e075f7a184ffe',1,0,'2015-12-23 10:04:57',47,'2015-12-23 10:03:31',47,0,NULL,'JPC000000047',8,8,NULL),(48,'test1','000-0000',1,'test1','test1','北海道test1test1','','0-0-0','toru.kaneko1@accjpn.com','','','test1','0-0-0','toru.kaneko@accjpn.com',33,0,'test1','1','0','1','test1','abb74d6129e5786fc1ca8ff7737c5a90','d425951227257402593e075f7a184ffe',1,0,'2015-12-23 10:09:09',48,'2015-12-23 10:09:09',48,0,NULL,'JPC000000048',8,8,NULL),(49,'test122302','000-0000',1,'test122302','test122302','北海道test122302test122302','test122302','0-0-0','toru.kaneko1@accjpn.com','http://dev.cross-infinity.com','test122302','test122302','0-0-0','toru.kaneko@accjpn.com',33,0,'test122302','122302','0','122302','test122302','abb74d6129e5786fc1ca8ff7737c5a90','d425951227257402593e075f7a184ffe',1,0,'2015-12-23 16:19:48',49,'2015-12-23 16:19:48',49,0,NULL,'JPC000000049',8,8,NULL),(50,'test122303','000-0000',1,'test122303','test122303','北海道test122303test122303','test122303','0-0-0','toru.kaneko1@accjpn.com','','ああああああああああああああああああああああああああああああああああああああああああああああああああああああああああああああああああああああああああああああああああああああああああああああああああああああああああああああああああああああああああああああああああああああああああああああああああああああああああああああああああああああああああああああああああああああああああああああああああああああああああああああああああああああああああああああああああああああああああああああああああああああああああああああああああああああああああああああああああああああああああああああああああああああああああああああああああああああああああああああああああああああああああああああああああああああああああああああああああああああああああああああああああああああああああああああああああああああああああああああああああああああああああああああああああああああああああああああああああああああああああああああああああああああああああああああああああああああああああああああああああああああああああああああああああああああああああああああああああああああああああああああああああああああああああああああああああああああああああああああああああああああああああああああああああああああああああああああああああああああああああああああああああああああああああああああああああああああああああああああああああああああああああああああああああああああああああああああああああああああああああああああああああああああああああああああああああああああああああああああああああああああああああああああああああああああああああああああああああああああああああああああああああああああああああああああああああああああああああああああああああああああああああああああああああああああああああああああああああああああああああああああああああああああああああああああああああああああああああああああああああああああああああああああああああああああああああああああああああああああああああああああああああああああああああああああああああああああああああああああああああああああああああああああああああああああああああああああああああああああああ','test122303','0-0-0','toru.kaneko@accjpn.com',33,0,'test122303','122303','0','122303','test122303','abb74d6129e5786fc1ca8ff7737c5a90','d425951227257402593e075f7a184ffe',1,0,'2015-12-23 19:34:51',50,'2015-12-23 16:45:24',50,0,NULL,'JPC000000050',8,8,NULL),(51,'企業名test122304','000-0000',3,'市町村test122304','番地以降test122304','岩手県市町村test122304番地以降test122304','最寄駅test122304','0-0-0','toru.kaneko1@accjpn.com','','','test122304','0-0-0','toru.kaneko5@accjpn.com',33,3,'金融機関test122304','1111111111','0','2222222222','口座名義人test122304','abb74d6129e5786fc1ca8ff7737c5a90','d425951227257402593e075f7a184ffe',1,0,'2015-12-23 16:51:00',51,'2015-12-23 16:51:00',51,0,NULL,'JPC000000051',8,8,NULL),(52,'株式会社デバッグアジア','142-0041',13,'品川区','戸越','東京都品川区戸越','品川駅','123-5568-4587','debug@test.co.jp','https://www.debug.co.jp/','特に無し','デバッグ太郎','785-451-1234','debug.taro@gihyo.co.jp',46,23,'デバッグ','12345','0','987654321','デバッグ三郎','240c95bcf512c05809cbe1a3d234ca18','446b254555098fdd9a8f196748dc6ffa',1,0,'2015-12-24 13:33:11',52,'2015-12-24 13:33:11',52,0,NULL,'JPC000000052',8,9,NULL),(53,'株式会社技評','142-0041',13,'品川区','戸越','東京都品川区戸越','品川駅','123-5568-4587','gihaaaaayo@test.co.jp','https://www.google.co.jp/','特に無し','技評太郎','785-451-1234','gihaaaaaaayo.taro@gihyo.co.jp',46,23,'技評','12345','0','987654321','技評三郎','240c95bcf512c05809cbe1a3d234ca18','446b254555098fdd9a8f196748dc6ffa',1,0,'2015-12-24 20:20:55',53,'2015-12-24 20:20:55',53,0,NULL,'JPC000000053',8,9,NULL),(54,'株式会社技評','142-0041',13,'品川区','戸越','東京都品川区戸越','品川駅','123-5568-4587','gihyoaaa@test.co.jp','https://www.google.co.jp/','1234567890123456789012345678901234567890123456789012345678901234567890123456789012345678901234567890123456789012345678901234567890123456789012345678901234567890123456789012345678901234567890123456789012345678901234567890123456789012345678901234567890123456789012345678901234567890123456789012345678901234567890123456789012345678901234567890123456789012345678901234567890123456789012345678901234567890123456789012345678901234567890123456789012345678901234567890123456789012345678901234567890123456789012345678901234567890123456789012345678901234567890123456789012345678901234567890123456789012345678901234567890123456789012345678901234567890123456789012345678901234567890123456789012345678901234567890123456789012345678901234567890123456789012345678901234567890123456789012345678901234567890123456789012345678901234567890123456789012345678901234567890123456789012345678901234567890123456789012345678901234567890123456789012345678901234567890123456789012345678901234567890123456789012345678901234567890','技評太郎','785-451-1234','gihyo.taro@gihyo.co.jp',46,23,'技評','12345','0','987654321','技評三郎','240c95bcf512c05809cbe1a3d234ca18','446b254555098fdd9a8f196748dc6ffa',1,0,'2015-12-24 20:58:43',54,'2015-12-24 20:58:43',54,0,NULL,'JPC000000054',8,9,NULL),(55,'あ','125-1546',1,'あ','あ','北海道ああ','あ','1-1-1','test-power-of-peanuts@softbank.ne.jp','','','あ','1-1-1','power-of-peanuts@softbank.ne.jp',46,1,'あ','123','0','123','あ','240c95bcf512c05809cbe1a3d234ca18','446b254555098fdd9a8f196748dc6ffa',1,0,'2015-12-24 21:01:54',55,'2015-12-24 21:01:54',55,0,NULL,'JPC000000055',8,9,NULL),(56,'株式会社たけやに','104-0031',13,'中央区京橋','1-3-2','東京都中央区京橋1-3-2','東京駅','090-5406-5170','h.takeyani@gmail.com','http://takeyani.com','CROSS_INFINITY制作会社','武山治弘','090-5406-5170','takeyani@yahoo.co.jp',0,0,'三井住友','123','0','1234567','武山治弘','76a1d5d8ed3655c93f60d24861ddc038','8476c8b769bdde1f3f967911a759e991',1,0,'2015-12-25 01:29:36',56,'2015-12-25 01:29:36',56,0,NULL,'JPC000000056',8,8,NULL),(57,'Test2501','000-0000',18,'Test2501','Test2501','福井県Test2501Test2501','Test2501','0-0-0','toru.kaneko1@accjpn.com','','','Test2501','0-0-0','toru.kaneko@accjpn.com',33,16,'Test','000000','0','000000','Test','5b29f3727741f2f60dc1955a4ffbbc78','26d6080d946a75fbce9552a2e6bfff58',1,0,'2015-12-25 08:07:55',57,'2015-12-25 08:07:55',57,0,NULL,'JPC000000057',9,9,NULL),(58,'テスト','123-1323',1,'テスト','ｇｈｇｊ','北海道テストｇｈｇｊ','','1-1-1','aaaa@aaa.com','','','伊藤達哉','1-1-1','sss@aaa.com',0,23,'テスト','667777777','0','76767776767','TATSUYA ITO','529e229b16ca0f27a604203268c39709','63845e93f67f6b3d3436545a352a1c77',1,0,'2015-12-25 10:50:56',58,'2015-12-25 10:50:56',58,0,NULL,'JPC000000058',8,8,'8BPscu0MdM9m6LQtQSBv'),(59,'Tam','111-2222',2,'Aaa','Aaaa','青森県AaaAaaa','Aaaa','11111-1141-44444','tamthanh91dn@gmail.com','','Aaaaa','Aaaaa','4445-55555-55555','pthanhtam91dn@gmail.com',30,0,'Aaa','555','1','5555','Hggg','f19a41d3ca2a9870717588efb0ccebaf','92a82af132b2791ef41b0a41bc945fb7',1,0,'2015-12-25 12:36:35',59,'2015-12-25 12:36:35',59,0,NULL,'JPC000000059',9,10,NULL),(60,'test122501','000-0000',7,'test122501','test122501','福島県test122501test122501','test122501','0-0-0','toru.kaneko1@accjpn.com','','','test122501','0-0-0','toru.kaneko@accjpn.com',33,7,'test122501','122501','0','122501','test122501','abb74d6129e5786fc1ca8ff7737c5a90','d425951227257402593e075f7a184ffe',1,0,'2015-12-25 16:16:53',60,'2015-12-25 16:16:53',60,0,NULL,'JPC000000060',8,8,NULL),(61,'株式会社aaa','142-0041',13,'品川区','戸越','東京都品川区戸越','品川駅','123-5568-4587','gaaaaihyo@test.co.jp','https://www.google.co.jp/','特に無し','技評太郎','785-451-1234','gihyo.taro@gihyo.co.jp',46,23,'技評','12345','0','987654321','技評三郎','240c95bcf512c05809cbe1a3d234ca18','446b254555098fdd9a8f196748dc6ffa',1,0,'2015-12-25 16:23:37',61,'2015-12-25 16:23:37',61,0,NULL,'JPC000000061',8,9,NULL),(62,'株式会社技評','142-0041',13,'品川区','戸越','東京都品川区戸越','品川駅','123-5568-4587','gihaaaaaaayo@test.co.jp','https://www.google.co.jp/','特に無し','技評太郎','785-451-1234','gihyo.taro@gihyo.co.jp',46,23,'技評','12345','0','987654321','技評三郎','240c95bcf512c05809cbe1a3d234ca18','446b254555098fdd9a8f196748dc6ffa',1,0,'2015-12-25 18:16:10',62,'2015-12-25 18:16:10',62,0,NULL,'JPC000000062',8,9,NULL),(63,'株式会社技評','142-0041',13,'品川区','戸越','東京都品川区戸越','品川駅','123-5568-4587','tesuto@test.co.jp','https://www.google.co.jp/','特に無し','技評太郎','785-451-1234','gihyo.taro@gihyo.co.jp',46,23,'技評','12345','0','987654321','技評三郎','240c95bcf512c05809cbe1a3d234ca18','446b254555098fdd9a8f196748dc6ffa',1,0,'2015-12-25 19:27:40',63,'2015-12-25 19:27:40',63,0,NULL,'JPC000000063',8,9,NULL),(64,'株式会社peanuts','142-0041',13,'品川区','戸越','東京都品川区戸越','品川駅','123-5568-4587','a-power-of-peanuts@softbank.ne.jp','https://www.google.co.jp/','特に無し','技評太郎','785-451-1234','power-of-peanuts@softbank.ne.jp',46,23,'技評','12345','0','987654321','技評三郎','240c95bcf512c05809cbe1a3d234ca18','446b254555098fdd9a8f196748dc6ffa',1,0,'2015-12-25 19:46:32',64,'2015-12-25 19:46:32',64,0,NULL,'JPC000000064',8,9,NULL),(65,'株式会社技評','142-0041',13,'品川区','戸越','東京都品川区戸越','品川駅','123-5568-4587','b-power-of-peanuts@softbank.ne.jp','https://www.google.co.jp/','特に無し','技評太郎','785-451-1234','power-of-peanuts@softbank.ne.jp',46,23,'技評','12345','0','987654321','技評三郎','240c95bcf512c05809cbe1a3d234ca18','446b254555098fdd9a8f196748dc6ffa',1,0,'2015-12-25 19:58:57',65,'2015-12-25 19:58:57',65,0,NULL,'JPC000000065',8,9,NULL),(66,'株式会社技評','142-0041',13,'品川区','戸越','東京都品川区戸越','品川駅','123-5568-4587','power-of-peanuts@softbank.ne.jp','https://www.google.co.jp/','特に無し','技評太郎','785-451-1234','power-of-peanuts@softbank.ne.jp',46,23,'技評','12345','0','987654321','技評三郎','240c95bcf512c05809cbe1a3d234ca18','446b254555098fdd9a8f196748dc6ffa',1,0,'2015-12-25 20:08:49',66,'2015-12-25 20:08:49',66,0,NULL,'JPC000000066',8,9,NULL),(67,'test0106','000-0000',1,'test0106','test0106','北海道test0106test0106','test0106','0-0-0','toru.kaneko1@accjpn.com','','','test0106','0-0-0','toru.kaneko@accjpn.com',32,0,'test0106','0106','0','0106','test0106','abb74d6129e5786fc1ca8ff7737c5a90','d425951227257402593e075f7a184ffe',1,0,'2016-01-06 18:01:53',67,'2016-01-06 18:01:53',67,0,NULL,'JPC000000067',8,8,NULL),(68,'株式が','111-1111',1,'あ','1111','北海道あ1111','','11-1-11','tatsuya.ito@accjpn.com','','','テスト','1-1-1','aaa@aaa.com',37,1,'テスト','1234675','0','15768248','tatsuya ito','7009cc720ad7e484a660dc4544481789','16a34b849aecda97639ff0cf5e0fbf26',1,0,'2016-02-29 19:35:10',68,'2016-01-06 18:53:18',68,0,NULL,'JPC000000068',10,8,NULL),(69,'テスト！！！','111-1111',11,'川崎市','123456','埼玉県川崎市123456','','1-1-1','gagagag@aaa.com','','','test','1-1-1','aaaa@aaa.com',37,4,'テスト','12423456','0','2345678','itotatsuya','7009cc720ad7e484a660dc4544481789','dfdb7e00d214a554e52f182b64e466cb',1,0,'2016-01-06 19:30:13',69,'2016-01-06 19:30:13',69,0,NULL,'JPC000000069',10,12,NULL),(70,'test0107012','222-2222',1,'test010702','test010702','北海道test010702test010702','test010702','1-1-1','toru.kaneko1@accjpn.com','http://dev.cross-infinity.com','test010702','test010702','2-2-2','toru.kaneko@accjpn.com',34,0,'test010702','010702','0','010702','test010702','abb74d6129e5786fc1ca8ff7737c5a90','d425951227257402593e075f7a184ffe',1,1,'2016-01-08 01:09:52',70,'2016-01-07 19:08:29',70,0,NULL,'JPC000000070',8,8,NULL),(71,'株式会社TCC','111-1111',1,'川崎市','多摩区生田','北海道川崎市多摩区生田','1','1-1-1','cwcw0000@yahoo.co.jp','','','1','1-1-1','tatsuya.ito@accjpn.com',37,23,'qwqwqwqwqwq','1','0','1','1','7009cc720ad7e484a660dc4544481789','16a34b849aecda97639ff0cf5e0fbf26',1,11,'2016-01-14 17:53:06',71,'2016-01-08 11:24:29',71,0,NULL,'JPC000000071',10,8,'WVlNg4tEMbb22P0NFa2M'),(72,'Phuc','111-1111',1,'DaNang','QuangNam','北海道DaNangQuangNam','123','1-1-1','hoangphuc90@gmail.com','http://ptheme.net','abc','Phuc','1-1-1','hoangphuc50@gmail.com',42,1,'1','1','0','1','1','10b43b79c0cbbde90bca8e89be061658','0c4cfc85c4766c11942220551667a7ac',1,0,'2016-01-14 18:15:27',72,'2016-01-14 18:15:27',72,0,NULL,'JPC000000072',9,9,NULL),(73,'test0114','000-0000',1,'test0114','test0114','北海道test0114test0114','test0114','0-0-0','toru.kaneko1@accjpn.com','','','test0114','0-0-0','toru.kaneko@accjpn.com',33,0,'test0114','0114','0','0114','test0114','abb74d6129e5786fc1ca8ff7737c5a90','d425951227257402593e075f7a184ffe',1,0,'2016-01-14 19:58:46',73,'2016-01-14 19:58:46',73,0,NULL,'JPC000000073',8,8,NULL),(74,'test011501','000-0000',5,'test011501','test011501','秋田県test011501test011501','test011501','0-0-0','toru.kaneko1@accjpn.com','','','test011501','0-0-0','toru.kaneko@accjpn.com',32,5,'test011501','011501','0','011501','test011501','abb74d6129e5786fc1ca8ff7737c5a90','d425951227257402593e075f7a184ffe',1,0,'2016-01-15 18:14:30',74,'2016-01-15 18:14:30',74,0,NULL,'JPC000000074',8,8,NULL),(75,'test011802','000-0000',12,'test011802','test011802','千葉県test011802test011802','千葉駅','0-0-0','toru.kaneko1@accjpn.com','','','test011802','0-0-0','toru.kaneko@accjpn.com',33,2,'test011802','011802','0','011802','test011802','abb74d6129e5786fc1ca8ff7737c5a90','d425951227257402593e075f7a184ffe',1,3,'2016-01-18 16:30:11',75,'2016-01-18 16:30:11',75,0,NULL,'JPC000000075',8,8,NULL),(76,'test011804','000-0000',12,'test011804','test011804','千葉県test011804test011804','test011804','0-0-0','toru.kaneko1@accjpn.com','','','test011804','0-0-0','toru.kaneko@accjpn.com',51,3,'test011804','011804','0','011804','test011804','abb74d6129e5786fc1ca8ff7737c5a90','d425951227257402593e075f7a184ffe',1,2,'2016-01-18 20:46:07',76,'2016-01-18 20:46:07',76,0,NULL,'JPC000000076',8,8,NULL),(77,'test012905','000-0000',8,'test012905','test012905','茨城県test012905test012905','test012905','0-0-0','toru.kaneko1@accjpn.com','','','test012905','0-0-0','toru.kaneko1@accjpn.com',55,8,'test012905','012905','0','012905','test012905','abb74d6129e5786fc1ca8ff7737c5a90','d425951227257402593e075f7a184ffe',1,4,'2016-02-17 19:52:53',77,'2016-01-29 07:31:41',77,0,NULL,'JPC000000077',8,8,NULL),(78,'test012906','000-0000',8,'test012906','test012906','茨城県test012906test012906','test012906','0-0-0','toru.kaneko1@accjpn.com','','','test012906','0-0-0','toru.kaneko@accjpn.com',53,8,'test012906','012906','0','012906','test012906','abb74d6129e5786fc1ca8ff7737c5a90','d425951227257402593e075f7a184ffe',1,1,'2016-01-29 07:34:10',78,'2016-01-29 07:34:10',78,0,NULL,'JPC000000078',8,8,NULL),(79,'株式会社伊藤','111-1111',14,'川崎市','多摩区','神奈川県川崎市多摩区','','111-1111-1111','mfrs0000_1218@yahoo.co.jp','','','伊藤達哉','111-1111-1111','tatsuya.ito@accjpn.com',49,5,'1','1111','0','111111','1111','7009cc720ad7e484a660dc4544481789','16a34b849aecda97639ff0cf5e0fbf26',1,0,'2016-02-18 13:00:12',79,'2016-02-18 13:00:12',79,0,NULL,'JPC000000079',10,8,NULL),(80,'aadas','232-2354',7,'tet','tet','福島県tettet','tett','55455-5-8','hanh@gmail.com','','','sfsf','4343-35-535','hanhtt@gmail.com',30,16,'44','55','1','4545','54554','283fad13d169ef3f139c3822f418f678','dd0307151ef3fb9c81fa5790d344b3de',1,0,'2016-02-18 13:17:21',80,'2016-02-18 13:17:21',80,0,NULL,'JPC000000080',9,9,NULL),(81,'111','111-1111',2,'1','1','青森県11','','111-1111-1111','fm.-.68@docomo.ne.jp','','','1','111-1111-1111','tatsuya.ito@accjpn.com',49,12,'1','111','0','1111','11111','7009cc720ad7e484a660dc4544481789','16a34b849aecda97639ff0cf5e0fbf26',1,0,'2016-02-18 17:42:32',81,'2016-02-18 17:42:32',81,0,NULL,'JPC000000081',10,8,NULL),(82,'1','111-1111',11,'11','11','埼玉県1111','','111-1111-1111','cwcw19920608@yahoo.co.jp','','','1','111-1111-1111','1111@gmail.com',49,1,'1','11','0','11','1','7009cc720ad7e484a660dc4544481789','16a34b849aecda97639ff0cf5e0fbf26',1,0,'2016-02-18 17:51:00',82,'2016-02-18 17:51:00',82,0,NULL,'JPC000000082',10,8,NULL),(83,'1','111-1111',3,'1','1','岩手県11','','111-1111-1111','mfrs0000_0218@yahoo.co.jp','','','1','11-1-1','1111@gmail.com',49,12,'1','1','0','1','1','7009cc720ad7e484a660dc4544481789','16a34b849aecda97639ff0cf5e0fbf26',1,0,'2016-02-18 18:13:28',83,'2016-02-18 18:13:28',83,0,NULL,'JPC000000083',10,8,NULL);
/*!40000 ALTER TABLE `t_company` ENABLE KEYS */;
UNLOCK TABLES;

--
-- Table structure for table `t_demand`
--

DROP TABLE IF EXISTS `t_demand`;
/*!40101 SET @saved_cs_client     = @@character_set_client */;
/*!40101 SET character_set_client = utf8 */;
CREATE TABLE `t_demand` (
  `charge_id` int(10) NOT NULL AUTO_INCREMENT,
  `charge_month` date NOT NULL,
  `cid` int(10) NOT NULL,
  `total_sales` int(10) NOT NULL,
  `total_reward` int(10) NOT NULL,
  `charge_date` date NOT NULL,
  `payment_date` date DEFAULT NULL,
  `payment_confirm` int(10) DEFAULT NULL,
  `update_date` datetime DEFAULT NULL,
  `update_user` int(10) DEFAULT NULL,
  `create_date` datetime NOT NULL,
  `create_user` int(10) NOT NULL,
  `delete_flg` tinyint(1) NOT NULL,
  PRIMARY KEY (`charge_id`,`charge_month`,`cid`)
) ENGINE=InnoDB AUTO_INCREMENT=618 DEFAULT CHARSET=utf8 COLLATE=utf8_unicode_ci;
/*!40101 SET character_set_client = @saved_cs_client */;

--
-- Dumping data for table `t_demand`
--

LOCK TABLES `t_demand` WRITE;
/*!40000 ALTER TABLE `t_demand` DISABLE KEYS */;
INSERT INTO `t_demand` VALUES (1,'2015-12-18',42,1000004499,0,'0000-00-00','2016-01-20',NULL,'2016-01-18 13:56:48',0,'2016-01-18 13:56:48',0,0),(2,'2015-12-18',44,1001810345,0,'0000-00-00',NULL,NULL,'2016-01-18 13:56:48',0,'2016-01-18 13:56:48',0,0),(3,'2015-12-18',45,100,0,'0000-00-00',NULL,NULL,'2016-01-18 13:56:48',0,'2016-01-18 13:56:48',0,0),(4,'2015-12-18',30,0,0,'0000-00-00',NULL,NULL,'2016-01-18 13:56:48',0,'2016-01-18 13:56:48',0,0),(5,'2015-12-18',31,0,0,'0000-00-00',NULL,NULL,'2016-01-18 13:56:48',0,'2016-01-18 13:56:48',0,0),(6,'2015-12-18',32,0,0,'0000-00-00',NULL,NULL,'2016-01-18 13:56:48',0,'2016-01-18 13:56:48',0,0),(7,'2015-12-18',33,0,0,'0000-00-00',NULL,NULL,'2016-01-18 13:56:48',0,'2016-01-18 13:56:48',0,0),(8,'2015-12-18',34,0,0,'0000-00-00',NULL,NULL,'2016-01-18 13:56:48',0,'2016-01-18 13:56:48',0,0),(9,'2015-12-18',40,0,0,'0000-00-00',NULL,NULL,'2016-01-18 13:56:48',0,'2016-01-18 13:56:48',0,0),(10,'2015-12-18',41,0,0,'0000-00-00',NULL,NULL,'2016-01-18 13:56:48',0,'2016-01-18 13:56:48',0,0),(11,'2015-12-18',43,0,0,'0000-00-00',NULL,NULL,'2016-01-18 13:56:48',0,'2016-01-18 13:56:48',0,0),(12,'2015-12-18',46,0,0,'0000-00-00',NULL,NULL,'2016-01-18 13:56:48',0,'2016-01-18 13:56:48',0,0),(13,'2015-12-18',47,0,0,'0000-00-00',NULL,NULL,'2016-01-18 13:56:48',0,'2016-01-18 13:56:48',0,0),(14,'2015-12-18',48,0,0,'0000-00-00',NULL,NULL,'2016-01-18 13:56:48',0,'2016-01-18 13:56:48',0,0),(15,'2015-12-18',49,0,0,'0000-00-00',NULL,NULL,'2016-01-18 13:56:48',0,'2016-01-18 13:56:48',0,0),(16,'2015-12-18',50,0,0,'0000-00-00',NULL,NULL,'2016-01-18 13:56:48',0,'2016-01-18 13:56:48',0,0),(17,'2015-12-18',51,0,0,'0000-00-00',NULL,NULL,'2016-01-18 13:56:48',0,'2016-01-18 13:56:48',0,0),(18,'2015-12-18',52,0,0,'0000-00-00',NULL,NULL,'2016-01-18 13:56:48',0,'2016-01-18 13:56:48',0,0),(19,'2015-12-18',53,0,0,'0000-00-00',NULL,NULL,'2016-01-18 13:56:48',0,'2016-01-18 13:56:48',0,0),(20,'2015-12-18',54,0,0,'0000-00-00',NULL,NULL,'2016-01-18 13:56:48',0,'2016-01-18 13:56:48',0,0),(21,'2015-12-18',55,0,0,'0000-00-00',NULL,NULL,'2016-01-18 13:56:48',0,'2016-01-18 13:56:48',0,0),(22,'2015-12-18',56,0,0,'0000-00-00',NULL,NULL,'2016-01-18 13:56:48',0,'2016-01-18 13:56:48',0,0),(23,'2015-12-18',57,0,0,'0000-00-00',NULL,NULL,'2016-01-18 13:56:48',0,'2016-01-18 13:56:48',0,0),(24,'2015-12-18',58,0,0,'0000-00-00',NULL,NULL,'2016-01-18 13:56:48',0,'2016-01-18 13:56:48',0,0),(25,'2015-12-18',59,0,0,'0000-00-00',NULL,NULL,'2016-01-18 13:56:48',0,'2016-01-18 13:56:48',0,0),(26,'2015-12-18',60,0,0,'0000-00-00',NULL,NULL,'2016-01-18 13:56:48',0,'2016-01-18 13:56:48',0,0),(27,'2015-12-18',61,0,0,'0000-00-00',NULL,NULL,'2016-01-18 13:56:48',0,'2016-01-18 13:56:48',0,0),(28,'2015-12-18',62,0,0,'0000-00-00',NULL,NULL,'2016-01-18 13:56:48',0,'2016-01-18 13:56:48',0,0),(29,'2015-12-18',63,0,0,'0000-00-00',NULL,NULL,'2016-01-18 13:56:48',0,'2016-01-18 13:56:48',0,0),(30,'2015-12-18',64,0,0,'0000-00-00',NULL,NULL,'2016-01-18 13:56:48',0,'2016-01-18 13:56:48',0,0),(31,'2015-12-18',65,0,0,'0000-00-00',NULL,NULL,'2016-01-18 13:56:48',0,'2016-01-18 13:56:48',0,0),(32,'2015-12-18',66,0,0,'0000-00-00',NULL,NULL,'2016-01-18 13:56:48',0,'2016-01-18 13:56:48',0,0),(33,'2015-12-18',67,0,0,'0000-00-00',NULL,NULL,'2016-01-18 13:56:48',0,'2016-01-18 13:56:48',0,0),(34,'2015-12-18',68,0,0,'0000-00-00',NULL,NULL,'2016-01-18 13:56:48',0,'2016-01-18 13:56:48',0,0),(35,'2015-12-18',69,0,0,'0000-00-00',NULL,NULL,'2016-01-18 13:56:48',0,'2016-01-18 13:56:48',0,0),(36,'2015-12-18',70,0,0,'0000-00-00',NULL,NULL,'2016-01-18 13:56:48',0,'2016-01-18 13:56:48',0,0),(37,'2015-12-18',71,0,0,'0000-00-00',NULL,NULL,'2016-01-18 13:56:48',0,'2016-01-18 13:56:48',0,0),(38,'2015-12-18',72,0,0,'0000-00-00',NULL,NULL,'2016-01-18 13:56:48',0,'2016-01-18 13:56:48',0,0),(39,'2015-12-18',73,0,0,'0000-00-00',NULL,NULL,'2016-01-18 13:56:48',0,'2016-01-18 13:56:48',0,0),(40,'2015-12-18',74,0,0,'0000-00-00',NULL,NULL,'2016-01-18 13:56:48',0,'2016-01-18 13:56:48',0,0),(41,'2015-12-18',42,1000004499,0,'0000-00-00',NULL,NULL,'2016-01-18 16:45:36',0,'2016-01-18 16:45:36',0,0),(42,'2015-12-18',44,1001810345,0,'0000-00-00',NULL,NULL,'2016-01-18 16:45:36',0,'2016-01-18 16:45:36',0,0),(43,'2015-12-18',45,100,0,'0000-00-00',NULL,NULL,'2016-01-18 16:45:36',0,'2016-01-18 16:45:36',0,0),(44,'2015-12-18',30,0,0,'0000-00-00',NULL,NULL,'2016-01-18 16:45:36',0,'2016-01-18 16:45:36',0,0),(45,'2015-12-18',31,0,0,'0000-00-00',NULL,NULL,'2016-01-18 16:45:36',0,'2016-01-18 16:45:36',0,0),(46,'2015-12-18',32,0,0,'0000-00-00',NULL,NULL,'2016-01-18 16:45:36',0,'2016-01-18 16:45:36',0,0),(47,'2015-12-18',33,0,0,'0000-00-00',NULL,NULL,'2016-01-18 16:45:36',0,'2016-01-18 16:45:36',0,0),(48,'2015-12-18',34,0,0,'0000-00-00',NULL,NULL,'2016-01-18 16:45:36',0,'2016-01-18 16:45:36',0,0),(49,'2015-12-18',40,0,0,'0000-00-00',NULL,NULL,'2016-01-18 16:45:36',0,'2016-01-18 16:45:36',0,0),(50,'2015-12-18',41,0,0,'0000-00-00',NULL,NULL,'2016-01-18 16:45:36',0,'2016-01-18 16:45:36',0,0),(51,'2015-12-18',43,0,0,'0000-00-00',NULL,NULL,'2016-01-18 16:45:36',0,'2016-01-18 16:45:36',0,0),(52,'2015-12-18',46,0,0,'0000-00-00',NULL,NULL,'2016-01-18 16:45:36',0,'2016-01-18 16:45:36',0,0),(53,'2015-12-18',47,0,0,'0000-00-00',NULL,NULL,'2016-01-18 16:45:36',0,'2016-01-18 16:45:36',0,0),(54,'2015-12-18',48,0,0,'0000-00-00',NULL,NULL,'2016-01-18 16:45:36',0,'2016-01-18 16:45:36',0,0),(55,'2015-12-18',49,0,0,'0000-00-00',NULL,NULL,'2016-01-18 16:45:36',0,'2016-01-18 16:45:36',0,0),(56,'2015-12-18',50,0,0,'0000-00-00',NULL,NULL,'2016-01-18 16:45:36',0,'2016-01-18 16:45:36',0,0),(57,'2015-12-18',51,0,0,'0000-00-00',NULL,NULL,'2016-01-18 16:45:36',0,'2016-01-18 16:45:36',0,0),(58,'2015-12-18',52,0,0,'0000-00-00',NULL,NULL,'2016-01-18 16:45:36',0,'2016-01-18 16:45:36',0,0),(59,'2015-12-18',53,0,0,'0000-00-00',NULL,NULL,'2016-01-18 16:45:36',0,'2016-01-18 16:45:36',0,0),(60,'2015-12-18',54,0,0,'0000-00-00',NULL,NULL,'2016-01-18 16:45:36',0,'2016-01-18 16:45:36',0,0),(61,'2015-12-18',55,0,0,'0000-00-00',NULL,NULL,'2016-01-18 16:45:36',0,'2016-01-18 16:45:36',0,0),(62,'2015-12-18',56,0,0,'0000-00-00',NULL,NULL,'2016-01-18 16:45:36',0,'2016-01-18 16:45:36',0,0),(63,'2015-12-18',57,0,0,'0000-00-00',NULL,NULL,'2016-01-18 16:45:36',0,'2016-01-18 16:45:36',0,0),(64,'2015-12-18',58,0,0,'0000-00-00',NULL,NULL,'2016-01-18 16:45:36',0,'2016-01-18 16:45:36',0,0),(65,'2015-12-18',59,0,0,'0000-00-00',NULL,NULL,'2016-01-18 16:45:36',0,'2016-01-18 16:45:36',0,0),(66,'2015-12-18',60,0,0,'0000-00-00',NULL,NULL,'2016-01-18 16:45:36',0,'2016-01-18 16:45:36',0,0),(67,'2015-12-18',61,0,0,'0000-00-00',NULL,NULL,'2016-01-18 16:45:36',0,'2016-01-18 16:45:36',0,0),(68,'2015-12-18',62,0,0,'0000-00-00',NULL,NULL,'2016-01-18 16:45:36',0,'2016-01-18 16:45:36',0,0),(69,'2015-12-18',63,0,0,'0000-00-00',NULL,NULL,'2016-01-18 16:45:36',0,'2016-01-18 16:45:36',0,0),(70,'2015-12-18',64,0,0,'0000-00-00',NULL,NULL,'2016-01-18 16:45:36',0,'2016-01-18 16:45:36',0,0),(71,'2015-12-18',65,0,0,'0000-00-00',NULL,NULL,'2016-01-18 16:45:36',0,'2016-01-18 16:45:36',0,0),(72,'2015-12-18',66,0,0,'0000-00-00',NULL,NULL,'2016-01-18 16:45:36',0,'2016-01-18 16:45:36',0,0),(73,'2015-12-18',67,0,0,'0000-00-00',NULL,NULL,'2016-01-18 16:45:36',0,'2016-01-18 16:45:36',0,0),(74,'2015-12-18',68,0,0,'0000-00-00',NULL,NULL,'2016-01-18 16:45:36',0,'2016-01-18 16:45:36',0,0),(75,'2015-12-18',69,0,0,'0000-00-00',NULL,NULL,'2016-01-18 16:45:36',0,'2016-01-18 16:45:36',0,0),(76,'2015-12-18',70,0,0,'0000-00-00',NULL,NULL,'2016-01-18 16:45:36',0,'2016-01-18 16:45:36',0,0),(77,'2015-12-18',71,0,0,'0000-00-00',NULL,NULL,'2016-01-18 16:45:36',0,'2016-01-18 16:45:36',0,0),(78,'2015-12-18',72,0,0,'0000-00-00',NULL,NULL,'2016-01-18 16:45:36',0,'2016-01-18 16:45:36',0,0),(79,'2015-12-18',73,0,0,'0000-00-00',NULL,NULL,'2016-01-18 16:45:36',0,'2016-01-18 16:45:36',0,0),(80,'2015-12-18',74,0,0,'0000-00-00',NULL,NULL,'2016-01-18 16:45:36',0,'2016-01-18 16:45:36',0,0),(81,'2015-12-18',75,0,0,'0000-00-00',NULL,NULL,'2016-01-18 16:45:36',0,'2016-01-18 16:45:36',0,0),(82,'2015-12-18',42,1000004499,0,'0000-00-00',NULL,NULL,'2016-01-18 16:55:59',0,'2016-01-18 16:55:59',0,0),(83,'2015-12-18',44,1001810345,0,'0000-00-00',NULL,NULL,'2016-01-18 16:55:59',0,'2016-01-18 16:55:59',0,0),(84,'2015-12-18',45,100,0,'0000-00-00',NULL,NULL,'2016-01-18 16:55:59',0,'2016-01-18 16:55:59',0,0),(85,'2015-12-18',30,0,0,'0000-00-00',NULL,NULL,'2016-01-18 16:55:59',0,'2016-01-18 16:55:59',0,0),(86,'2015-12-18',31,0,0,'0000-00-00',NULL,NULL,'2016-01-18 16:55:59',0,'2016-01-18 16:55:59',0,0),(87,'2015-12-18',32,0,0,'0000-00-00',NULL,NULL,'2016-01-18 16:55:59',0,'2016-01-18 16:55:59',0,0),(88,'2015-12-18',33,0,0,'0000-00-00',NULL,NULL,'2016-01-18 16:55:59',0,'2016-01-18 16:55:59',0,0),(89,'2015-12-18',34,0,0,'0000-00-00',NULL,NULL,'2016-01-18 16:55:59',0,'2016-01-18 16:55:59',0,0),(90,'2015-12-18',40,0,0,'0000-00-00',NULL,NULL,'2016-01-18 16:55:59',0,'2016-01-18 16:55:59',0,0),(91,'2015-12-18',41,0,0,'0000-00-00',NULL,NULL,'2016-01-18 16:55:59',0,'2016-01-18 16:55:59',0,0),(92,'2015-12-18',43,0,0,'0000-00-00',NULL,NULL,'2016-01-18 16:55:59',0,'2016-01-18 16:55:59',0,0),(93,'2015-12-18',46,0,0,'0000-00-00',NULL,NULL,'2016-01-18 16:55:59',0,'2016-01-18 16:55:59',0,0),(94,'2015-12-18',47,0,0,'0000-00-00',NULL,NULL,'2016-01-18 16:55:59',0,'2016-01-18 16:55:59',0,0),(95,'2015-12-18',48,0,0,'0000-00-00',NULL,NULL,'2016-01-18 16:55:59',0,'2016-01-18 16:55:59',0,0),(96,'2015-12-18',49,0,0,'0000-00-00',NULL,NULL,'2016-01-18 16:55:59',0,'2016-01-18 16:55:59',0,0),(97,'2015-12-18',50,0,0,'0000-00-00',NULL,NULL,'2016-01-18 16:55:59',0,'2016-01-18 16:55:59',0,0),(98,'2015-12-18',51,0,0,'0000-00-00',NULL,NULL,'2016-01-18 16:55:59',0,'2016-01-18 16:55:59',0,0),(99,'2015-12-18',52,0,0,'0000-00-00',NULL,NULL,'2016-01-18 16:55:59',0,'2016-01-18 16:55:59',0,0),(100,'2015-12-18',53,0,0,'0000-00-00',NULL,NULL,'2016-01-18 16:55:59',0,'2016-01-18 16:55:59',0,0),(101,'2015-12-18',54,0,0,'0000-00-00',NULL,NULL,'2016-01-18 16:55:59',0,'2016-01-18 16:55:59',0,0),(102,'2015-12-18',55,0,0,'0000-00-00',NULL,NULL,'2016-01-18 16:55:59',0,'2016-01-18 16:55:59',0,0),(103,'2015-12-18',56,0,0,'0000-00-00',NULL,NULL,'2016-01-18 16:55:59',0,'2016-01-18 16:55:59',0,0),(104,'2015-12-18',57,0,0,'0000-00-00',NULL,NULL,'2016-01-18 16:55:59',0,'2016-01-18 16:55:59',0,0),(105,'2015-12-18',58,0,0,'0000-00-00',NULL,NULL,'2016-01-18 16:55:59',0,'2016-01-18 16:55:59',0,0),(106,'2015-12-18',59,0,0,'0000-00-00',NULL,NULL,'2016-01-18 16:55:59',0,'2016-01-18 16:55:59',0,0),(107,'2015-12-18',60,0,0,'0000-00-00',NULL,NULL,'2016-01-18 16:55:59',0,'2016-01-18 16:55:59',0,0),(108,'2015-12-18',61,0,0,'0000-00-00',NULL,NULL,'2016-01-18 16:55:59',0,'2016-01-18 16:55:59',0,0),(109,'2015-12-18',62,0,0,'0000-00-00',NULL,NULL,'2016-01-18 16:56:00',0,'2016-01-18 16:56:00',0,0),(110,'2015-12-18',63,0,0,'0000-00-00',NULL,NULL,'2016-01-18 16:56:00',0,'2016-01-18 16:56:00',0,0),(111,'2015-12-18',64,0,0,'0000-00-00',NULL,NULL,'2016-01-18 16:56:00',0,'2016-01-18 16:56:00',0,0),(112,'2015-12-18',65,0,0,'0000-00-00',NULL,NULL,'2016-01-18 16:56:00',0,'2016-01-18 16:56:00',0,0),(113,'2015-12-18',66,0,0,'0000-00-00',NULL,NULL,'2016-01-18 16:56:00',0,'2016-01-18 16:56:00',0,0),(114,'2015-12-18',67,0,0,'0000-00-00',NULL,NULL,'2016-01-18 16:56:00',0,'2016-01-18 16:56:00',0,0),(115,'2015-12-18',68,0,0,'0000-00-00',NULL,NULL,'2016-01-18 16:56:00',0,'2016-01-18 16:56:00',0,0),(116,'2015-12-18',69,0,0,'0000-00-00',NULL,NULL,'2016-01-18 16:56:00',0,'2016-01-18 16:56:00',0,0),(117,'2015-12-18',70,0,0,'0000-00-00',NULL,NULL,'2016-01-18 16:56:00',0,'2016-01-18 16:56:00',0,0),(118,'2015-12-18',71,0,0,'0000-00-00',NULL,NULL,'2016-01-18 16:56:00',0,'2016-01-18 16:56:00',0,0),(119,'2015-12-18',72,0,0,'0000-00-00',NULL,NULL,'2016-01-18 16:56:00',0,'2016-01-18 16:56:00',0,0),(120,'2015-12-18',73,0,0,'0000-00-00',NULL,NULL,'2016-01-18 16:56:00',0,'2016-01-18 16:56:00',0,0),(121,'2015-12-18',74,0,0,'0000-00-00',NULL,NULL,'2016-01-18 16:56:00',0,'2016-01-18 16:56:00',0,0),(122,'2015-12-18',75,0,0,'0000-00-00',NULL,NULL,'2016-01-18 16:56:00',0,'2016-01-18 16:56:00',0,0),(123,'2015-12-19',42,1000004499,0,'0000-00-00',NULL,NULL,'2016-01-19 00:00:02',0,'2016-01-19 00:00:02',0,0),(124,'2015-12-19',44,1001810345,0,'0000-00-00',NULL,NULL,'2016-01-19 00:00:02',0,'2016-01-19 00:00:02',0,0),(125,'2015-12-19',45,100,0,'0000-00-00',NULL,NULL,'2016-01-19 00:00:02',0,'2016-01-19 00:00:02',0,0),(126,'2015-12-19',30,0,0,'0000-00-00',NULL,NULL,'2016-01-19 00:00:02',0,'2016-01-19 00:00:02',0,0),(127,'2015-12-19',31,0,0,'0000-00-00',NULL,NULL,'2016-01-19 00:00:02',0,'2016-01-19 00:00:02',0,0),(128,'2015-12-19',32,0,0,'0000-00-00',NULL,NULL,'2016-01-19 00:00:02',0,'2016-01-19 00:00:02',0,0),(129,'2015-12-19',33,0,0,'0000-00-00',NULL,NULL,'2016-01-19 00:00:02',0,'2016-01-19 00:00:02',0,0),(130,'2015-12-19',34,0,0,'0000-00-00',NULL,NULL,'2016-01-19 00:00:02',0,'2016-01-19 00:00:02',0,0),(131,'2015-12-19',40,0,0,'0000-00-00',NULL,NULL,'2016-01-19 00:00:02',0,'2016-01-19 00:00:02',0,0),(132,'2015-12-19',41,0,0,'0000-00-00',NULL,NULL,'2016-01-19 00:00:02',0,'2016-01-19 00:00:02',0,0),(133,'2015-12-19',43,0,0,'0000-00-00',NULL,NULL,'2016-01-19 00:00:02',0,'2016-01-19 00:00:02',0,0),(134,'2015-12-19',46,0,0,'0000-00-00',NULL,NULL,'2016-01-19 00:00:03',0,'2016-01-19 00:00:03',0,0),(135,'2015-12-19',47,0,0,'0000-00-00',NULL,NULL,'2016-01-19 00:00:03',0,'2016-01-19 00:00:03',0,0),(136,'2015-12-19',48,0,0,'0000-00-00',NULL,NULL,'2016-01-19 00:00:03',0,'2016-01-19 00:00:03',0,0),(137,'2015-12-19',49,0,0,'0000-00-00',NULL,NULL,'2016-01-19 00:00:03',0,'2016-01-19 00:00:03',0,0),(138,'2015-12-19',50,0,0,'0000-00-00',NULL,NULL,'2016-01-19 00:00:03',0,'2016-01-19 00:00:03',0,0),(139,'2015-12-19',51,0,0,'0000-00-00',NULL,NULL,'2016-01-19 00:00:03',0,'2016-01-19 00:00:03',0,0),(140,'2015-12-19',52,0,0,'0000-00-00',NULL,NULL,'2016-01-19 00:00:03',0,'2016-01-19 00:00:03',0,0),(141,'2015-12-19',53,0,0,'0000-00-00',NULL,NULL,'2016-01-19 00:00:03',0,'2016-01-19 00:00:03',0,0),(142,'2015-12-19',54,0,0,'0000-00-00',NULL,NULL,'2016-01-19 00:00:03',0,'2016-01-19 00:00:03',0,0),(143,'2015-12-19',55,0,0,'0000-00-00',NULL,NULL,'2016-01-19 00:00:03',0,'2016-01-19 00:00:03',0,0),(144,'2015-12-19',56,0,0,'0000-00-00',NULL,NULL,'2016-01-19 00:00:03',0,'2016-01-19 00:00:03',0,0),(145,'2015-12-19',57,0,0,'0000-00-00',NULL,NULL,'2016-01-19 00:00:03',0,'2016-01-19 00:00:03',0,0),(146,'2015-12-19',58,0,0,'0000-00-00',NULL,NULL,'2016-01-19 00:00:03',0,'2016-01-19 00:00:03',0,0),(147,'2015-12-19',59,0,0,'0000-00-00',NULL,NULL,'2016-01-19 00:00:04',0,'2016-01-19 00:00:04',0,0),(148,'2015-12-19',60,0,0,'0000-00-00',NULL,NULL,'2016-01-19 00:00:04',0,'2016-01-19 00:00:04',0,0),(149,'2015-12-19',61,0,0,'0000-00-00',NULL,NULL,'2016-01-19 00:00:04',0,'2016-01-19 00:00:04',0,0),(150,'2015-12-19',62,0,0,'0000-00-00',NULL,NULL,'2016-01-19 00:00:04',0,'2016-01-19 00:00:04',0,0),(151,'2015-12-19',63,0,0,'0000-00-00',NULL,NULL,'2016-01-19 00:00:04',0,'2016-01-19 00:00:04',0,0),(152,'2015-12-19',64,0,0,'0000-00-00',NULL,NULL,'2016-01-19 00:00:04',0,'2016-01-19 00:00:04',0,0),(153,'2015-12-19',65,0,0,'0000-00-00',NULL,NULL,'2016-01-19 00:00:04',0,'2016-01-19 00:00:04',0,0),(154,'2015-12-19',66,0,0,'0000-00-00',NULL,NULL,'2016-01-19 00:00:04',0,'2016-01-19 00:00:04',0,0),(155,'2015-12-19',67,0,0,'0000-00-00',NULL,NULL,'2016-01-19 00:00:05',0,'2016-01-19 00:00:05',0,0),(156,'2015-12-19',68,0,0,'0000-00-00',NULL,NULL,'2016-01-19 00:00:05',0,'2016-01-19 00:00:05',0,0),(157,'2015-12-19',69,0,0,'0000-00-00',NULL,NULL,'2016-01-19 00:00:05',0,'2016-01-19 00:00:05',0,0),(158,'2015-12-19',70,0,0,'0000-00-00',NULL,NULL,'2016-01-19 00:00:05',0,'2016-01-19 00:00:05',0,0),(159,'2015-12-19',71,0,0,'0000-00-00',NULL,NULL,'2016-01-19 00:00:05',0,'2016-01-19 00:00:05',0,0),(160,'2015-12-19',72,0,0,'0000-00-00',NULL,NULL,'2016-01-19 00:00:05',0,'2016-01-19 00:00:05',0,0),(161,'2015-12-19',73,0,0,'0000-00-00',NULL,NULL,'2016-01-19 00:00:05',0,'2016-01-19 00:00:05',0,0),(162,'2015-12-19',74,0,0,'0000-00-00',NULL,NULL,'2016-01-19 00:00:05',0,'2016-01-19 00:00:05',0,0),(163,'2015-12-19',75,0,0,'0000-00-00',NULL,NULL,'2016-01-19 00:00:05',0,'2016-01-19 00:00:05',0,0),(164,'2015-12-19',76,0,0,'0000-00-00',NULL,NULL,'2016-01-19 00:00:05',0,'2016-01-19 00:00:05',0,0),(165,'2015-12-20',42,1000004499,0,'0000-00-00',NULL,NULL,'2016-01-20 00:00:01',0,'2016-01-20 00:00:01',0,0),(166,'2015-12-20',44,1001810345,0,'0000-00-00',NULL,NULL,'2016-01-20 00:00:01',0,'2016-01-20 00:00:01',0,0),(167,'2015-12-20',45,100,0,'0000-00-00',NULL,NULL,'2016-01-20 00:00:01',0,'2016-01-20 00:00:01',0,0),(168,'2015-12-20',0,0,0,'0000-00-00',NULL,NULL,'2016-01-20 00:00:02',0,'2016-01-20 00:00:02',0,0),(169,'2015-12-20',30,0,0,'0000-00-00',NULL,NULL,'2016-01-20 00:00:02',0,'2016-01-20 00:00:02',0,0),(170,'2015-12-20',31,0,0,'0000-00-00',NULL,NULL,'2016-01-20 00:00:02',0,'2016-01-20 00:00:02',0,0),(171,'2015-12-20',32,0,0,'0000-00-00',NULL,NULL,'2016-01-20 00:00:02',0,'2016-01-20 00:00:02',0,0),(172,'2015-12-20',33,0,0,'0000-00-00',NULL,NULL,'2016-01-20 00:00:02',0,'2016-01-20 00:00:02',0,0),(173,'2015-12-20',34,0,0,'0000-00-00',NULL,NULL,'2016-01-20 00:00:02',0,'2016-01-20 00:00:02',0,0),(174,'2015-12-20',40,0,0,'0000-00-00',NULL,NULL,'2016-01-20 00:00:02',0,'2016-01-20 00:00:02',0,0),(175,'2015-12-20',41,0,0,'0000-00-00',NULL,NULL,'2016-01-20 00:00:03',0,'2016-01-20 00:00:03',0,0),(176,'2015-12-20',43,0,0,'0000-00-00',NULL,NULL,'2016-01-20 00:00:03',0,'2016-01-20 00:00:03',0,0),(177,'2015-12-20',46,0,0,'0000-00-00',NULL,NULL,'2016-01-20 00:00:03',0,'2016-01-20 00:00:03',0,0),(178,'2015-12-20',47,0,0,'0000-00-00',NULL,NULL,'2016-01-20 00:00:03',0,'2016-01-20 00:00:03',0,0),(179,'2015-12-20',48,0,0,'0000-00-00',NULL,NULL,'2016-01-20 00:00:03',0,'2016-01-20 00:00:03',0,0),(180,'2015-12-20',49,0,0,'0000-00-00',NULL,NULL,'2016-01-20 00:00:03',0,'2016-01-20 00:00:03',0,0),(181,'2015-12-20',50,0,0,'0000-00-00',NULL,NULL,'2016-01-20 00:00:04',0,'2016-01-20 00:00:04',0,0),(182,'2015-12-20',51,0,0,'0000-00-00',NULL,NULL,'2016-01-20 00:00:04',0,'2016-01-20 00:00:04',0,0),(183,'2015-12-20',52,0,0,'0000-00-00',NULL,NULL,'2016-01-20 00:00:04',0,'2016-01-20 00:00:04',0,0),(184,'2015-12-20',53,0,0,'0000-00-00',NULL,NULL,'2016-01-20 00:00:04',0,'2016-01-20 00:00:04',0,0),(185,'2015-12-20',54,0,0,'0000-00-00',NULL,NULL,'2016-01-20 00:00:04',0,'2016-01-20 00:00:04',0,0),(186,'2015-12-20',55,0,0,'0000-00-00',NULL,NULL,'2016-01-20 00:00:04',0,'2016-01-20 00:00:04',0,0),(187,'2015-12-20',56,0,0,'0000-00-00',NULL,NULL,'2016-01-20 00:00:04',0,'2016-01-20 00:00:04',0,0),(188,'2015-12-20',57,0,0,'0000-00-00',NULL,NULL,'2016-01-20 00:00:04',0,'2016-01-20 00:00:04',0,0),(189,'2015-12-20',58,0,0,'0000-00-00',NULL,NULL,'2016-01-20 00:00:04',0,'2016-01-20 00:00:04',0,0),(190,'2015-12-20',59,0,0,'0000-00-00',NULL,NULL,'2016-01-20 00:00:05',0,'2016-01-20 00:00:05',0,0),(191,'2015-12-20',60,0,0,'0000-00-00',NULL,NULL,'2016-01-20 00:00:05',0,'2016-01-20 00:00:05',0,0),(192,'2015-12-20',61,0,0,'0000-00-00',NULL,NULL,'2016-01-20 00:00:05',0,'2016-01-20 00:00:05',0,0),(193,'2015-12-20',62,0,0,'0000-00-00',NULL,NULL,'2016-01-20 00:00:05',0,'2016-01-20 00:00:05',0,0),(194,'2015-12-20',63,0,0,'0000-00-00',NULL,NULL,'2016-01-20 00:00:05',0,'2016-01-20 00:00:05',0,0),(195,'2015-12-20',64,0,0,'0000-00-00',NULL,NULL,'2016-01-20 00:00:05',0,'2016-01-20 00:00:05',0,0),(196,'2015-12-20',65,0,0,'0000-00-00',NULL,NULL,'2016-01-20 00:00:05',0,'2016-01-20 00:00:05',0,0),(197,'2015-12-20',66,0,0,'0000-00-00',NULL,NULL,'2016-01-20 00:00:05',0,'2016-01-20 00:00:05',0,0),(198,'2015-12-20',67,0,0,'0000-00-00',NULL,NULL,'2016-01-20 00:00:05',0,'2016-01-20 00:00:05',0,0),(199,'2015-12-20',68,0,0,'0000-00-00',NULL,NULL,'2016-01-20 00:00:05',0,'2016-01-20 00:00:05',0,0),(200,'2015-12-20',69,0,0,'0000-00-00',NULL,NULL,'2016-01-20 00:00:05',0,'2016-01-20 00:00:05',0,0),(201,'2015-12-20',70,0,0,'0000-00-00',NULL,NULL,'2016-01-20 00:00:05',0,'2016-01-20 00:00:05',0,0),(202,'2015-12-20',71,0,0,'0000-00-00',NULL,NULL,'2016-01-20 00:00:05',0,'2016-01-20 00:00:05',0,0),(203,'2015-12-20',72,0,0,'0000-00-00',NULL,NULL,'2016-01-20 00:00:05',0,'2016-01-20 00:00:05',0,0),(204,'2015-12-20',73,0,0,'0000-00-00',NULL,NULL,'2016-01-20 00:00:05',0,'2016-01-20 00:00:05',0,0),(205,'2015-12-20',74,0,0,'0000-00-00',NULL,NULL,'2016-01-20 00:00:05',0,'2016-01-20 00:00:05',0,0),(206,'2015-12-20',75,0,0,'0000-00-00',NULL,NULL,'2016-01-20 00:00:05',0,'2016-01-20 00:00:05',0,0),(207,'2015-12-20',76,0,0,'0000-00-00',NULL,NULL,'2016-01-20 00:00:06',0,'2016-01-20 00:00:06',0,0),(208,'2015-12-29',42,1000004499,0,'0000-00-00',NULL,NULL,'2016-01-29 10:25:37',0,'2016-01-29 10:25:37',0,0),(209,'2015-12-29',44,1001810345,0,'0000-00-00',NULL,NULL,'2016-01-29 10:25:37',0,'2016-01-29 10:25:37',0,0),(210,'2015-12-29',45,100,0,'0000-00-00',NULL,NULL,'2016-01-29 10:25:37',0,'2016-01-29 10:25:37',0,0),(211,'2015-12-29',0,0,0,'0000-00-00',NULL,NULL,'2016-01-29 10:25:37',0,'2016-01-29 10:25:37',0,0),(212,'2015-12-29',30,0,0,'0000-00-00',NULL,NULL,'2016-01-29 10:25:37',0,'2016-01-29 10:25:37',0,0),(213,'2015-12-29',31,0,0,'0000-00-00',NULL,NULL,'2016-01-29 10:25:37',0,'2016-01-29 10:25:37',0,0),(214,'2015-12-29',32,0,0,'0000-00-00',NULL,NULL,'2016-01-29 10:25:37',0,'2016-01-29 10:25:37',0,0),(215,'2015-12-29',33,0,0,'0000-00-00',NULL,NULL,'2016-01-29 10:25:37',0,'2016-01-29 10:25:37',0,0),(216,'2015-12-29',34,0,0,'0000-00-00',NULL,NULL,'2016-01-29 10:25:37',0,'2016-01-29 10:25:37',0,0),(217,'2015-12-29',40,0,0,'0000-00-00',NULL,NULL,'2016-01-29 10:25:37',0,'2016-01-29 10:25:37',0,0),(218,'2015-12-29',41,0,0,'0000-00-00',NULL,NULL,'2016-01-29 10:25:37',0,'2016-01-29 10:25:37',0,0),(219,'2015-12-29',43,0,0,'0000-00-00',NULL,NULL,'2016-01-29 10:25:37',0,'2016-01-29 10:25:37',0,0),(220,'2015-12-29',46,0,0,'0000-00-00',NULL,NULL,'2016-01-29 10:25:37',0,'2016-01-29 10:25:37',0,0),(221,'2015-12-29',47,0,0,'0000-00-00',NULL,NULL,'2016-01-29 10:25:37',0,'2016-01-29 10:25:37',0,0),(222,'2015-12-29',48,0,0,'0000-00-00',NULL,NULL,'2016-01-29 10:25:37',0,'2016-01-29 10:25:37',0,0),(223,'2015-12-29',49,0,0,'0000-00-00',NULL,NULL,'2016-01-29 10:25:37',0,'2016-01-29 10:25:37',0,0),(224,'2015-12-29',50,0,0,'0000-00-00',NULL,NULL,'2016-01-29 10:25:37',0,'2016-01-29 10:25:37',0,0),(225,'2015-12-29',51,0,0,'0000-00-00',NULL,NULL,'2016-01-29 10:25:37',0,'2016-01-29 10:25:37',0,0),(226,'2015-12-29',52,0,0,'0000-00-00',NULL,NULL,'2016-01-29 10:25:37',0,'2016-01-29 10:25:37',0,0),(227,'2015-12-29',53,0,0,'0000-00-00',NULL,NULL,'2016-01-29 10:25:37',0,'2016-01-29 10:25:37',0,0),(228,'2015-12-29',54,0,0,'0000-00-00',NULL,NULL,'2016-01-29 10:25:37',0,'2016-01-29 10:25:37',0,0),(229,'2015-12-29',55,0,0,'0000-00-00',NULL,NULL,'2016-01-29 10:25:37',0,'2016-01-29 10:25:37',0,0),(230,'2015-12-29',56,0,0,'0000-00-00',NULL,NULL,'2016-01-29 10:25:37',0,'2016-01-29 10:25:37',0,0),(231,'2015-12-29',57,0,0,'0000-00-00',NULL,NULL,'2016-01-29 10:25:37',0,'2016-01-29 10:25:37',0,0),(232,'2015-12-29',58,0,0,'0000-00-00',NULL,NULL,'2016-01-29 10:25:37',0,'2016-01-29 10:25:37',0,0),(233,'2015-12-29',59,0,0,'0000-00-00',NULL,NULL,'2016-01-29 10:25:37',0,'2016-01-29 10:25:37',0,0),(234,'2015-12-29',60,0,0,'0000-00-00',NULL,NULL,'2016-01-29 10:25:37',0,'2016-01-29 10:25:37',0,0),(235,'2015-12-29',61,0,0,'0000-00-00',NULL,NULL,'2016-01-29 10:25:37',0,'2016-01-29 10:25:37',0,0),(236,'2015-12-29',62,0,0,'0000-00-00',NULL,NULL,'2016-01-29 10:25:37',0,'2016-01-29 10:25:37',0,0),(237,'2015-12-29',63,0,0,'0000-00-00',NULL,NULL,'2016-01-29 10:25:37',0,'2016-01-29 10:25:37',0,0),(238,'2015-12-29',64,0,0,'0000-00-00',NULL,NULL,'2016-01-29 10:25:37',0,'2016-01-29 10:25:37',0,0),(239,'2015-12-29',65,0,0,'0000-00-00',NULL,NULL,'2016-01-29 10:25:37',0,'2016-01-29 10:25:37',0,0),(240,'2015-12-29',66,0,0,'0000-00-00',NULL,NULL,'2016-01-29 10:25:37',0,'2016-01-29 10:25:37',0,0),(241,'2015-12-29',67,0,0,'0000-00-00',NULL,NULL,'2016-01-29 10:25:37',0,'2016-01-29 10:25:37',0,0),(242,'2015-12-29',68,0,0,'0000-00-00',NULL,NULL,'2016-01-29 10:25:37',0,'2016-01-29 10:25:37',0,0),(243,'2015-12-29',69,0,0,'0000-00-00',NULL,NULL,'2016-01-29 10:25:37',0,'2016-01-29 10:25:37',0,0),(244,'2015-12-29',70,0,0,'0000-00-00',NULL,NULL,'2016-01-29 10:25:37',0,'2016-01-29 10:25:37',0,0),(245,'2015-12-29',71,0,0,'0000-00-00',NULL,NULL,'2016-01-29 10:25:37',0,'2016-01-29 10:25:37',0,0),(246,'2015-12-29',72,0,0,'0000-00-00',NULL,NULL,'2016-01-29 10:25:37',0,'2016-01-29 10:25:37',0,0),(247,'2015-12-29',73,0,0,'0000-00-00',NULL,NULL,'2016-01-29 10:25:37',0,'2016-01-29 10:25:37',0,0),(248,'2015-12-29',74,0,0,'0000-00-00',NULL,NULL,'2016-01-29 10:25:37',0,'2016-01-29 10:25:37',0,0),(249,'2015-12-29',75,0,0,'0000-00-00',NULL,NULL,'2016-01-29 10:25:37',0,'2016-01-29 10:25:37',0,0),(250,'2015-12-29',76,0,0,'0000-00-00',NULL,NULL,'2016-01-29 10:25:37',0,'2016-01-29 10:25:37',0,0),(253,'2015-12-29',42,1000004499,0,'0000-00-00',NULL,NULL,'2016-01-29 15:05:20',0,'2016-01-29 15:05:20',0,0),(254,'2015-12-29',44,1001810345,0,'0000-00-00',NULL,NULL,'2016-01-29 15:05:20',0,'2016-01-29 15:05:20',0,0),(255,'2015-12-29',45,100,0,'0000-00-00',NULL,NULL,'2016-01-29 15:05:21',0,'2016-01-29 15:05:21',0,0),(256,'2015-12-29',0,0,0,'0000-00-00',NULL,NULL,'2016-01-29 15:05:21',0,'2016-01-29 15:05:21',0,0),(257,'2015-12-29',30,0,0,'0000-00-00',NULL,NULL,'2016-01-29 15:05:21',0,'2016-01-29 15:05:21',0,0),(258,'2015-12-29',31,0,0,'0000-00-00',NULL,NULL,'2016-01-29 15:05:21',0,'2016-01-29 15:05:21',0,0),(259,'2015-12-29',32,0,0,'0000-00-00',NULL,NULL,'2016-01-29 15:05:21',0,'2016-01-29 15:05:21',0,0),(260,'2015-12-29',33,0,0,'0000-00-00',NULL,NULL,'2016-01-29 15:05:21',0,'2016-01-29 15:05:21',0,0),(261,'2015-12-29',34,0,0,'0000-00-00',NULL,NULL,'2016-01-29 15:05:21',0,'2016-01-29 15:05:21',0,0),(262,'2015-12-29',40,0,0,'0000-00-00',NULL,NULL,'2016-01-29 15:05:21',0,'2016-01-29 15:05:21',0,0),(263,'2015-12-29',41,0,0,'0000-00-00',NULL,NULL,'2016-01-29 15:05:21',0,'2016-01-29 15:05:21',0,0),(264,'2015-12-29',43,0,0,'0000-00-00',NULL,NULL,'2016-01-29 15:05:21',0,'2016-01-29 15:05:21',0,0),(265,'2015-12-29',46,0,0,'0000-00-00',NULL,NULL,'2016-01-29 15:05:21',0,'2016-01-29 15:05:21',0,0),(266,'2015-12-29',47,0,0,'0000-00-00',NULL,NULL,'2016-01-29 15:05:21',0,'2016-01-29 15:05:21',0,0),(267,'2015-12-29',48,0,0,'0000-00-00',NULL,NULL,'2016-01-29 15:05:21',0,'2016-01-29 15:05:21',0,0),(268,'2015-12-29',49,0,0,'0000-00-00',NULL,NULL,'2016-01-29 15:05:21',0,'2016-01-29 15:05:21',0,0),(269,'2015-12-29',50,0,0,'0000-00-00',NULL,NULL,'2016-01-29 15:05:21',0,'2016-01-29 15:05:21',0,0),(270,'2015-12-29',51,0,0,'0000-00-00',NULL,NULL,'2016-01-29 15:05:21',0,'2016-01-29 15:05:21',0,0),(271,'2015-12-29',52,0,0,'0000-00-00',NULL,NULL,'2016-01-29 15:05:21',0,'2016-01-29 15:05:21',0,0),(272,'2015-12-29',53,0,0,'0000-00-00',NULL,NULL,'2016-01-29 15:05:21',0,'2016-01-29 15:05:21',0,0),(273,'2015-12-29',54,0,0,'0000-00-00',NULL,NULL,'2016-01-29 15:05:21',0,'2016-01-29 15:05:21',0,0),(274,'2015-12-29',55,0,0,'0000-00-00',NULL,NULL,'2016-01-29 15:05:21',0,'2016-01-29 15:05:21',0,0),(275,'2015-12-29',56,0,0,'0000-00-00',NULL,NULL,'2016-01-29 15:05:21',0,'2016-01-29 15:05:21',0,0),(276,'2015-12-29',57,0,0,'0000-00-00',NULL,NULL,'2016-01-29 15:05:21',0,'2016-01-29 15:05:21',0,0),(277,'2015-12-29',58,0,0,'0000-00-00',NULL,NULL,'2016-01-29 15:05:21',0,'2016-01-29 15:05:21',0,0),(278,'2015-12-29',59,0,0,'0000-00-00',NULL,NULL,'2016-01-29 15:05:21',0,'2016-01-29 15:05:21',0,0),(279,'2015-12-29',60,0,0,'0000-00-00',NULL,NULL,'2016-01-29 15:05:21',0,'2016-01-29 15:05:21',0,0),(280,'2015-12-29',61,0,0,'0000-00-00',NULL,NULL,'2016-01-29 15:05:21',0,'2016-01-29 15:05:21',0,0),(281,'2015-12-29',62,0,0,'0000-00-00',NULL,NULL,'2016-01-29 15:05:21',0,'2016-01-29 15:05:21',0,0),(282,'2015-12-29',63,0,0,'0000-00-00',NULL,NULL,'2016-01-29 15:05:21',0,'2016-01-29 15:05:21',0,0),(283,'2015-12-29',64,0,0,'0000-00-00',NULL,NULL,'2016-01-29 15:05:21',0,'2016-01-29 15:05:21',0,0),(284,'2015-12-29',65,0,0,'0000-00-00',NULL,NULL,'2016-01-29 15:05:21',0,'2016-01-29 15:05:21',0,0),(285,'2015-12-29',66,0,0,'0000-00-00',NULL,NULL,'2016-01-29 15:05:21',0,'2016-01-29 15:05:21',0,0),(286,'2015-12-29',67,0,0,'0000-00-00',NULL,NULL,'2016-01-29 15:05:21',0,'2016-01-29 15:05:21',0,0),(287,'2015-12-29',68,0,0,'0000-00-00',NULL,NULL,'2016-01-29 15:05:21',0,'2016-01-29 15:05:21',0,0),(288,'2015-12-29',69,0,0,'0000-00-00',NULL,NULL,'2016-01-29 15:05:21',0,'2016-01-29 15:05:21',0,0),(289,'2015-12-29',70,0,0,'0000-00-00',NULL,NULL,'2016-01-29 15:05:21',0,'2016-01-29 15:05:21',0,0),(290,'2015-12-29',71,0,0,'0000-00-00',NULL,NULL,'2016-01-29 15:05:21',0,'2016-01-29 15:05:21',0,0),(291,'2015-12-29',72,0,0,'0000-00-00',NULL,NULL,'2016-01-29 15:05:21',0,'2016-01-29 15:05:21',0,0),(292,'2015-12-29',73,0,0,'0000-00-00',NULL,NULL,'2016-01-29 15:05:21',0,'2016-01-29 15:05:21',0,0),(293,'2015-12-29',74,0,0,'0000-00-00',NULL,NULL,'2016-01-29 15:05:21',0,'2016-01-29 15:05:21',0,0),(294,'2015-12-29',75,0,0,'0000-00-00',NULL,NULL,'2016-01-29 15:05:21',0,'2016-01-29 15:05:21',0,0),(295,'2015-12-29',76,0,0,'0000-00-00',NULL,NULL,'2016-01-29 15:05:21',0,'2016-01-29 15:05:21',0,0),(298,'2015-12-29',42,1000004499,0,'0000-00-00',NULL,NULL,'2016-01-29 15:18:19',0,'2016-01-29 15:18:19',0,0),(299,'2015-12-29',44,1001810345,0,'0000-00-00',NULL,NULL,'2016-01-29 15:18:19',0,'2016-01-29 15:18:19',0,0),(300,'2015-12-29',45,100,0,'0000-00-00',NULL,NULL,'2016-01-29 15:18:19',0,'2016-01-29 15:18:19',0,0),(301,'2016-01-01',77,10000,100,'0000-00-00','2016-01-31',0,'2016-02-01 00:00:04',0,'2016-02-01 00:00:04',0,0),(302,'2016-01-01',78,20000,4000,'0000-00-00','2016-01-31',0,'2016-02-01 00:00:04',0,'2016-02-01 00:00:04',0,0),(303,'2015-12-29',0,0,0,'0000-00-00',NULL,NULL,'2016-01-29 15:18:19',0,'2016-01-29 15:18:19',0,0),(304,'2015-12-29',30,0,0,'0000-00-00',NULL,NULL,'2016-01-29 15:18:19',0,'2016-01-29 15:18:19',0,0),(305,'2015-12-29',31,0,0,'0000-00-00',NULL,NULL,'2016-01-29 15:18:19',0,'2016-01-29 15:18:19',0,0),(306,'2015-12-29',32,0,0,'0000-00-00',NULL,NULL,'2016-01-29 15:18:19',0,'2016-01-29 15:18:19',0,0),(307,'2015-12-29',33,0,0,'0000-00-00',NULL,NULL,'2016-01-29 15:18:19',0,'2016-01-29 15:18:19',0,0),(308,'2015-12-29',34,0,0,'0000-00-00',NULL,NULL,'2016-01-29 15:18:19',0,'2016-01-29 15:18:19',0,0),(309,'2015-12-29',40,0,0,'0000-00-00',NULL,NULL,'2016-01-29 15:18:19',0,'2016-01-29 15:18:19',0,0),(310,'2015-12-29',41,0,0,'0000-00-00',NULL,NULL,'2016-01-29 15:18:19',0,'2016-01-29 15:18:19',0,0),(311,'2015-12-29',43,0,0,'0000-00-00',NULL,NULL,'2016-01-29 15:18:19',0,'2016-01-29 15:18:19',0,0),(312,'2015-12-29',46,0,0,'0000-00-00',NULL,NULL,'2016-01-29 15:18:19',0,'2016-01-29 15:18:19',0,0),(313,'2015-12-29',47,0,0,'0000-00-00',NULL,NULL,'2016-01-29 15:18:19',0,'2016-01-29 15:18:19',0,0),(314,'2015-12-29',48,0,0,'0000-00-00',NULL,NULL,'2016-01-29 15:18:19',0,'2016-01-29 15:18:19',0,0),(315,'2015-12-29',49,0,0,'0000-00-00',NULL,NULL,'2016-01-29 15:18:19',0,'2016-01-29 15:18:19',0,0),(316,'2015-12-29',50,0,0,'0000-00-00',NULL,NULL,'2016-01-29 15:18:19',0,'2016-01-29 15:18:19',0,0),(317,'2015-12-29',51,0,0,'0000-00-00',NULL,NULL,'2016-01-29 15:18:19',0,'2016-01-29 15:18:19',0,0),(318,'2015-12-29',52,0,0,'0000-00-00',NULL,NULL,'2016-01-29 15:18:19',0,'2016-01-29 15:18:19',0,0),(319,'2015-12-29',53,0,0,'0000-00-00',NULL,NULL,'2016-01-29 15:18:19',0,'2016-01-29 15:18:19',0,0),(320,'2015-12-29',54,0,0,'0000-00-00',NULL,NULL,'2016-01-29 15:18:19',0,'2016-01-29 15:18:19',0,0),(321,'2015-12-29',55,0,0,'0000-00-00',NULL,NULL,'2016-01-29 15:18:19',0,'2016-01-29 15:18:19',0,0),(322,'2015-12-29',56,0,0,'0000-00-00',NULL,NULL,'2016-01-29 15:18:19',0,'2016-01-29 15:18:19',0,0),(323,'2015-12-29',57,0,0,'0000-00-00',NULL,NULL,'2016-01-29 15:18:19',0,'2016-01-29 15:18:19',0,0),(324,'2015-12-29',58,0,0,'0000-00-00',NULL,NULL,'2016-01-29 15:18:19',0,'2016-01-29 15:18:19',0,0),(325,'2015-12-29',59,0,0,'0000-00-00',NULL,NULL,'2016-01-29 15:18:19',0,'2016-01-29 15:18:19',0,0),(326,'2015-12-29',60,0,0,'0000-00-00',NULL,NULL,'2016-01-29 15:18:19',0,'2016-01-29 15:18:19',0,0),(327,'2015-12-29',61,0,0,'0000-00-00',NULL,NULL,'2016-01-29 15:18:19',0,'2016-01-29 15:18:19',0,0),(328,'2015-12-29',62,0,0,'0000-00-00',NULL,NULL,'2016-01-29 15:18:19',0,'2016-01-29 15:18:19',0,0),(329,'2015-12-29',63,0,0,'0000-00-00',NULL,NULL,'2016-01-29 15:18:19',0,'2016-01-29 15:18:19',0,0),(330,'2015-12-29',64,0,0,'0000-00-00',NULL,NULL,'2016-01-29 15:18:19',0,'2016-01-29 15:18:19',0,0),(331,'2015-12-29',65,0,0,'0000-00-00',NULL,NULL,'2016-01-29 15:18:19',0,'2016-01-29 15:18:19',0,0),(332,'2015-12-29',66,0,0,'0000-00-00',NULL,NULL,'2016-01-29 15:18:19',0,'2016-01-29 15:18:19',0,0),(333,'2015-12-29',67,0,0,'0000-00-00',NULL,NULL,'2016-01-29 15:18:19',0,'2016-01-29 15:18:19',0,0),(334,'2015-12-29',68,0,0,'0000-00-00',NULL,NULL,'2016-01-29 15:18:19',0,'2016-01-29 15:18:19',0,0),(335,'2015-12-29',69,0,0,'0000-00-00',NULL,NULL,'2016-01-29 15:18:19',0,'2016-01-29 15:18:19',0,0),(336,'2015-12-29',70,0,0,'0000-00-00',NULL,NULL,'2016-01-29 15:18:19',0,'2016-01-29 15:18:19',0,0),(337,'2015-12-29',71,0,0,'0000-00-00',NULL,NULL,'2016-01-29 15:18:19',0,'2016-01-29 15:18:19',0,0),(338,'2015-12-29',72,0,0,'0000-00-00',NULL,NULL,'2016-01-29 15:18:19',0,'2016-01-29 15:18:19',0,0),(339,'2015-12-29',73,0,0,'0000-00-00',NULL,NULL,'2016-01-29 15:18:19',0,'2016-01-29 15:18:19',0,0),(340,'2015-12-29',74,0,0,'0000-00-00',NULL,NULL,'2016-01-29 15:18:19',0,'2016-01-29 15:18:19',0,0),(341,'2015-12-29',75,0,0,'0000-00-00',NULL,NULL,'2016-01-29 15:18:19',0,'2016-01-29 15:18:19',0,0),(342,'2015-12-29',76,0,0,'0000-00-00',NULL,NULL,'2016-01-29 15:18:19',0,'2016-01-29 15:18:19',0,0),(343,'2016-01-01',31,45555,5,'0000-00-00',NULL,NULL,'2016-02-01 00:00:02',0,'2016-02-01 00:00:02',0,0),(344,'2016-01-01',70,175000,1000,'0000-00-00',NULL,NULL,'2016-02-01 00:00:03',0,'2016-02-01 00:00:03',0,0),(345,'2016-01-01',71,235667,6200,'0000-00-00',NULL,NULL,'2016-02-01 00:00:04',0,'2016-02-01 00:00:04',0,0),(346,'2016-01-01',75,11555,2778,'0000-00-00',NULL,NULL,'2016-02-01 00:00:04',0,'2016-02-01 00:00:04',0,0),(347,'2016-01-01',76,42000,11110,'0000-00-00',NULL,NULL,'2016-02-01 00:00:04',0,'2016-02-01 00:00:04',0,0),(350,'2016-01-01',0,0,0,'0000-00-00',NULL,NULL,'2016-02-01 00:00:05',0,'2016-02-01 00:00:05',0,0),(351,'2016-01-01',30,0,0,'0000-00-00',NULL,NULL,'2016-02-01 00:00:05',0,'2016-02-01 00:00:05',0,0),(352,'2016-01-01',32,0,0,'0000-00-00',NULL,NULL,'2016-02-01 00:00:05',0,'2016-02-01 00:00:05',0,0),(353,'2016-01-01',33,0,0,'0000-00-00',NULL,NULL,'2016-02-01 00:00:05',0,'2016-02-01 00:00:05',0,0),(354,'2016-01-01',34,0,0,'0000-00-00',NULL,NULL,'2016-02-01 00:00:05',0,'2016-02-01 00:00:05',0,0),(355,'2016-01-01',40,0,0,'0000-00-00',NULL,NULL,'2016-02-01 00:00:05',0,'2016-02-01 00:00:05',0,0),(356,'2016-01-01',41,0,0,'0000-00-00',NULL,NULL,'2016-02-01 00:00:05',0,'2016-02-01 00:00:05',0,0),(357,'2016-01-01',42,0,0,'0000-00-00',NULL,NULL,'2016-02-01 00:00:05',0,'2016-02-01 00:00:05',0,0),(358,'2016-01-01',43,0,0,'0000-00-00',NULL,NULL,'2016-02-01 00:00:06',0,'2016-02-01 00:00:06',0,0),(359,'2016-01-01',44,0,0,'0000-00-00',NULL,NULL,'2016-02-01 00:00:06',0,'2016-02-01 00:00:06',0,0),(360,'2016-01-01',45,0,0,'0000-00-00',NULL,NULL,'2016-02-01 00:00:06',0,'2016-02-01 00:00:06',0,0),(361,'2016-01-01',46,0,0,'0000-00-00',NULL,NULL,'2016-02-01 00:00:06',0,'2016-02-01 00:00:06',0,0),(362,'2016-01-01',47,0,0,'0000-00-00',NULL,NULL,'2016-02-01 00:00:06',0,'2016-02-01 00:00:06',0,0),(363,'2016-01-01',48,0,0,'0000-00-00',NULL,NULL,'2016-02-01 00:00:06',0,'2016-02-01 00:00:06',0,0),(364,'2016-01-01',49,0,0,'0000-00-00',NULL,NULL,'2016-02-01 00:00:06',0,'2016-02-01 00:00:06',0,0),(365,'2016-01-01',50,0,0,'0000-00-00',NULL,NULL,'2016-02-01 00:00:06',0,'2016-02-01 00:00:06',0,0),(366,'2016-01-01',51,0,0,'0000-00-00',NULL,NULL,'2016-02-01 00:00:06',0,'2016-02-01 00:00:06',0,0),(367,'2016-01-01',52,0,0,'0000-00-00',NULL,NULL,'2016-02-01 00:00:06',0,'2016-02-01 00:00:06',0,0),(368,'2016-01-01',53,0,0,'0000-00-00',NULL,NULL,'2016-02-01 00:00:06',0,'2016-02-01 00:00:06',0,0),(369,'2016-01-01',54,0,0,'0000-00-00',NULL,NULL,'2016-02-01 00:00:07',0,'2016-02-01 00:00:07',0,0),(370,'2016-01-01',55,0,0,'0000-00-00',NULL,NULL,'2016-02-01 00:00:07',0,'2016-02-01 00:00:07',0,0),(371,'2016-01-01',56,0,0,'0000-00-00',NULL,NULL,'2016-02-01 00:00:07',0,'2016-02-01 00:00:07',0,0),(372,'2016-01-01',57,0,0,'0000-00-00',NULL,NULL,'2016-02-01 00:00:07',0,'2016-02-01 00:00:07',0,0),(373,'2016-01-01',58,0,0,'0000-00-00',NULL,NULL,'2016-02-01 00:00:07',0,'2016-02-01 00:00:07',0,0),(374,'2016-01-01',59,0,0,'0000-00-00',NULL,NULL,'2016-02-01 00:00:07',0,'2016-02-01 00:00:07',0,0),(375,'2016-01-01',60,0,0,'0000-00-00',NULL,NULL,'2016-02-01 00:00:07',0,'2016-02-01 00:00:07',0,0),(376,'2016-01-01',61,0,0,'0000-00-00',NULL,NULL,'2016-02-01 00:00:08',0,'2016-02-01 00:00:08',0,0),(377,'2016-01-01',62,0,0,'0000-00-00',NULL,NULL,'2016-02-01 00:00:08',0,'2016-02-01 00:00:08',0,0),(378,'2016-01-01',63,0,0,'0000-00-00',NULL,NULL,'2016-02-01 00:00:08',0,'2016-02-01 00:00:08',0,0),(379,'2016-01-01',64,0,0,'0000-00-00',NULL,NULL,'2016-02-01 00:00:08',0,'2016-02-01 00:00:08',0,0),(380,'2016-01-01',65,0,0,'0000-00-00',NULL,NULL,'2016-02-01 00:00:08',0,'2016-02-01 00:00:08',0,0),(381,'2016-01-01',66,0,0,'0000-00-00',NULL,NULL,'2016-02-01 00:00:09',0,'2016-02-01 00:00:09',0,0),(382,'2016-01-01',67,0,0,'0000-00-00',NULL,NULL,'2016-02-01 00:00:09',0,'2016-02-01 00:00:09',0,0),(383,'2016-01-01',68,0,0,'0000-00-00',NULL,NULL,'2016-02-01 00:00:09',0,'2016-02-01 00:00:09',0,0),(384,'2016-01-01',69,0,0,'0000-00-00',NULL,NULL,'2016-02-01 00:00:09',0,'2016-02-01 00:00:09',0,0),(385,'2016-01-01',72,0,0,'0000-00-00',NULL,NULL,'2016-02-01 00:00:09',0,'2016-02-01 00:00:09',0,0),(386,'2016-01-01',73,0,0,'0000-00-00',NULL,NULL,'2016-02-01 00:00:09',0,'2016-02-01 00:00:09',0,0),(387,'2016-01-01',74,0,0,'0000-00-00',NULL,NULL,'2016-02-01 00:00:10',0,'2016-02-01 00:00:10',0,0),(388,'2016-01-01',31,45555,5,'0000-00-00',NULL,NULL,'2016-02-17 16:24:31',0,'2016-02-17 16:24:31',0,0),(389,'2016-01-01',70,160000,1000,'0000-00-00',NULL,NULL,'2016-02-17 16:24:31',0,'2016-02-17 16:24:31',0,0),(390,'2016-01-01',71,385576,5200,'0000-00-00',NULL,NULL,'2016-02-17 16:24:31',0,'2016-02-17 16:24:31',0,0),(391,'2016-01-01',75,11555,2778,'0000-00-00',NULL,NULL,'2016-02-17 16:24:31',0,'2016-02-17 16:24:31',0,0),(392,'2016-01-01',76,42000,11110,'0000-00-00',NULL,NULL,'2016-02-17 16:24:31',0,'2016-02-17 16:24:31',0,0),(393,'2015-12-01',77,10000,100,'0000-00-00',NULL,NULL,'2016-01-01 00:00:00',0,'2016-01-01 00:00:00',0,0),(394,'2015-12-01',78,20000,4000,'0000-00-00',NULL,NULL,'2016-01-01 00:00:00',0,'2016-01-01 00:00:00',0,0),(395,'2016-01-17',0,0,0,'0000-00-00',NULL,NULL,'2016-02-17 16:24:31',0,'2016-02-17 16:24:31',0,0),(396,'2016-01-17',30,0,0,'0000-00-00',NULL,NULL,'2016-02-17 16:24:31',0,'2016-02-17 16:24:31',0,0),(397,'2016-01-17',32,0,0,'0000-00-00',NULL,NULL,'2016-02-17 16:24:31',0,'2016-02-17 16:24:31',0,0),(398,'2016-01-17',33,0,0,'0000-00-00',NULL,NULL,'2016-02-17 16:24:31',0,'2016-02-17 16:24:31',0,0),(399,'2016-01-17',34,0,0,'0000-00-00',NULL,NULL,'2016-02-17 16:24:31',0,'2016-02-17 16:24:31',0,0),(400,'2016-01-17',40,0,0,'0000-00-00',NULL,NULL,'2016-02-17 16:24:31',0,'2016-02-17 16:24:31',0,0),(401,'2016-01-17',41,0,0,'0000-00-00',NULL,NULL,'2016-02-17 16:24:31',0,'2016-02-17 16:24:31',0,0),(402,'2016-01-17',42,0,0,'0000-00-00',NULL,NULL,'2016-02-17 16:24:31',0,'2016-02-17 16:24:31',0,0),(403,'2016-01-17',43,0,0,'0000-00-00',NULL,NULL,'2016-02-17 16:24:31',0,'2016-02-17 16:24:31',0,0),(404,'2016-01-17',44,0,0,'0000-00-00',NULL,NULL,'2016-02-17 16:24:31',0,'2016-02-17 16:24:31',0,0),(405,'2016-01-17',45,0,0,'0000-00-00',NULL,NULL,'2016-02-17 16:24:31',0,'2016-02-17 16:24:31',0,0),(406,'2016-01-17',46,0,0,'0000-00-00',NULL,NULL,'2016-02-17 16:24:31',0,'2016-02-17 16:24:31',0,0),(407,'2016-01-17',47,0,0,'0000-00-00',NULL,NULL,'2016-02-17 16:24:31',0,'2016-02-17 16:24:31',0,0),(408,'2016-01-17',48,0,0,'0000-00-00',NULL,NULL,'2016-02-17 16:24:31',0,'2016-02-17 16:24:31',0,0),(409,'2016-01-17',49,0,0,'0000-00-00',NULL,NULL,'2016-02-17 16:24:31',0,'2016-02-17 16:24:31',0,0),(410,'2016-01-17',50,0,0,'0000-00-00',NULL,NULL,'2016-02-17 16:24:31',0,'2016-02-17 16:24:31',0,0),(411,'2016-01-17',51,0,0,'0000-00-00',NULL,NULL,'2016-02-17 16:24:31',0,'2016-02-17 16:24:31',0,0),(412,'2016-01-17',52,0,0,'0000-00-00',NULL,NULL,'2016-02-17 16:24:31',0,'2016-02-17 16:24:31',0,0),(413,'2016-01-17',53,0,0,'0000-00-00',NULL,NULL,'2016-02-17 16:24:31',0,'2016-02-17 16:24:31',0,0),(414,'2016-01-17',54,0,0,'0000-00-00',NULL,NULL,'2016-02-17 16:24:31',0,'2016-02-17 16:24:31',0,0),(415,'2016-01-17',55,0,0,'0000-00-00',NULL,NULL,'2016-02-17 16:24:31',0,'2016-02-17 16:24:31',0,0),(416,'2016-01-17',56,0,0,'0000-00-00',NULL,NULL,'2016-02-17 16:24:31',0,'2016-02-17 16:24:31',0,0),(417,'2016-01-17',57,0,0,'0000-00-00',NULL,NULL,'2016-02-17 16:24:31',0,'2016-02-17 16:24:31',0,0),(418,'2016-01-17',58,0,0,'0000-00-00',NULL,NULL,'2016-02-17 16:24:31',0,'2016-02-17 16:24:31',0,0),(419,'2016-01-17',59,0,0,'0000-00-00',NULL,NULL,'2016-02-17 16:24:31',0,'2016-02-17 16:24:31',0,0),(420,'2016-01-17',60,0,0,'0000-00-00',NULL,NULL,'2016-02-17 16:24:31',0,'2016-02-17 16:24:31',0,0),(421,'2016-01-17',61,0,0,'0000-00-00',NULL,NULL,'2016-02-17 16:24:31',0,'2016-02-17 16:24:31',0,0),(422,'2016-01-17',62,0,0,'0000-00-00',NULL,NULL,'2016-02-17 16:24:31',0,'2016-02-17 16:24:31',0,0),(423,'2016-01-17',63,0,0,'0000-00-00',NULL,NULL,'2016-02-17 16:24:31',0,'2016-02-17 16:24:31',0,0),(424,'2016-01-17',64,0,0,'0000-00-00',NULL,NULL,'2016-02-17 16:24:31',0,'2016-02-17 16:24:31',0,0),(425,'2016-01-17',65,0,0,'0000-00-00',NULL,NULL,'2016-02-17 16:24:31',0,'2016-02-17 16:24:31',0,0),(426,'2016-01-17',66,0,0,'0000-00-00',NULL,NULL,'2016-02-17 16:24:31',0,'2016-02-17 16:24:31',0,0),(427,'2016-01-17',67,0,0,'0000-00-00',NULL,NULL,'2016-02-17 16:24:31',0,'2016-02-17 16:24:31',0,0),(428,'2016-01-17',68,0,0,'0000-00-00',NULL,NULL,'2016-02-17 16:24:31',0,'2016-02-17 16:24:31',0,0),(429,'2016-01-17',69,0,0,'0000-00-00',NULL,NULL,'2016-02-17 16:24:31',0,'2016-02-17 16:24:31',0,0),(430,'2016-01-17',72,0,0,'0000-00-00',NULL,NULL,'2016-02-17 16:24:31',0,'2016-02-17 16:24:31',0,0),(431,'2016-01-17',73,0,0,'0000-00-00',NULL,NULL,'2016-02-17 16:24:31',0,'2016-02-17 16:24:31',0,0),(432,'2016-01-17',74,0,0,'0000-00-00',NULL,NULL,'2016-02-17 16:24:31',0,'2016-02-17 16:24:31',0,0),(433,'2016-01-01',31,45555,5,'0000-00-00',NULL,NULL,'2016-02-17 16:25:52',0,'2016-02-17 16:25:52',0,0),(434,'2016-01-01',70,160000,1000,'0000-00-00',NULL,NULL,'2016-02-17 16:25:52',0,'2016-02-17 16:25:52',0,0),(435,'2016-01-01',71,385576,5200,'0000-00-00',NULL,NULL,'2016-02-17 16:25:52',0,'2016-02-17 16:25:52',0,0),(436,'2016-01-01',75,11555,2778,'0000-00-00',NULL,NULL,'2016-02-17 16:25:52',0,'2016-02-17 16:25:52',0,0),(437,'2016-01-01',76,42000,11110,'0000-00-00',NULL,NULL,'2016-02-17 16:25:52',0,'2016-02-17 16:25:52',0,0),(440,'2016-01-17',0,0,0,'0000-00-00',NULL,NULL,'2016-02-17 16:25:52',0,'2016-02-17 16:25:52',0,0),(441,'2016-01-17',30,0,0,'0000-00-00',NULL,NULL,'2016-02-17 16:25:52',0,'2016-02-17 16:25:52',0,0),(442,'2016-01-17',32,0,0,'0000-00-00',NULL,NULL,'2016-02-17 16:25:52',0,'2016-02-17 16:25:52',0,0),(443,'2016-01-17',33,0,0,'0000-00-00',NULL,NULL,'2016-02-17 16:25:52',0,'2016-02-17 16:25:52',0,0),(444,'2016-01-17',34,0,0,'0000-00-00',NULL,NULL,'2016-02-17 16:25:52',0,'2016-02-17 16:25:52',0,0),(445,'2016-01-17',40,0,0,'0000-00-00',NULL,NULL,'2016-02-17 16:25:52',0,'2016-02-17 16:25:52',0,0),(446,'2016-01-17',41,0,0,'0000-00-00',NULL,NULL,'2016-02-17 16:25:52',0,'2016-02-17 16:25:52',0,0),(447,'2016-01-17',42,0,0,'0000-00-00',NULL,NULL,'2016-02-17 16:25:52',0,'2016-02-17 16:25:52',0,0),(448,'2016-01-17',43,0,0,'0000-00-00',NULL,NULL,'2016-02-17 16:25:52',0,'2016-02-17 16:25:52',0,0),(449,'2016-01-17',44,0,0,'0000-00-00',NULL,NULL,'2016-02-17 16:25:52',0,'2016-02-17 16:25:52',0,0),(450,'2016-01-17',45,0,0,'0000-00-00',NULL,NULL,'2016-02-17 16:25:52',0,'2016-02-17 16:25:52',0,0),(451,'2016-01-17',46,0,0,'0000-00-00',NULL,NULL,'2016-02-17 16:25:52',0,'2016-02-17 16:25:52',0,0),(452,'2016-01-17',47,0,0,'0000-00-00',NULL,NULL,'2016-02-17 16:25:52',0,'2016-02-17 16:25:52',0,0),(453,'2016-01-17',48,0,0,'0000-00-00',NULL,NULL,'2016-02-17 16:25:52',0,'2016-02-17 16:25:52',0,0),(454,'2016-01-17',49,0,0,'0000-00-00',NULL,NULL,'2016-02-17 16:25:52',0,'2016-02-17 16:25:52',0,0),(455,'2016-01-17',50,0,0,'0000-00-00',NULL,NULL,'2016-02-17 16:25:52',0,'2016-02-17 16:25:52',0,0),(456,'2016-01-17',51,0,0,'0000-00-00',NULL,NULL,'2016-02-17 16:25:52',0,'2016-02-17 16:25:52',0,0),(457,'2016-01-17',52,0,0,'0000-00-00',NULL,NULL,'2016-02-17 16:25:52',0,'2016-02-17 16:25:52',0,0),(458,'2016-01-17',53,0,0,'0000-00-00',NULL,NULL,'2016-02-17 16:25:52',0,'2016-02-17 16:25:52',0,0),(459,'2016-01-17',54,0,0,'0000-00-00',NULL,NULL,'2016-02-17 16:25:52',0,'2016-02-17 16:25:52',0,0),(460,'2016-01-17',55,0,0,'0000-00-00',NULL,NULL,'2016-02-17 16:25:52',0,'2016-02-17 16:25:52',0,0),(461,'2016-01-17',56,0,0,'0000-00-00',NULL,NULL,'2016-02-17 16:25:52',0,'2016-02-17 16:25:52',0,0),(462,'2016-01-17',57,0,0,'0000-00-00',NULL,NULL,'2016-02-17 16:25:52',0,'2016-02-17 16:25:52',0,0),(463,'2016-01-17',58,0,0,'0000-00-00',NULL,NULL,'2016-02-17 16:25:52',0,'2016-02-17 16:25:52',0,0),(464,'2016-01-17',59,0,0,'0000-00-00',NULL,NULL,'2016-02-17 16:25:52',0,'2016-02-17 16:25:52',0,0),(465,'2016-01-17',60,0,0,'0000-00-00',NULL,NULL,'2016-02-17 16:25:52',0,'2016-02-17 16:25:52',0,0),(466,'2016-01-17',61,0,0,'0000-00-00',NULL,NULL,'2016-02-17 16:25:52',0,'2016-02-17 16:25:52',0,0),(467,'2016-01-17',62,0,0,'0000-00-00',NULL,NULL,'2016-02-17 16:25:52',0,'2016-02-17 16:25:52',0,0),(468,'2016-01-17',63,0,0,'0000-00-00',NULL,NULL,'2016-02-17 16:25:52',0,'2016-02-17 16:25:52',0,0),(469,'2016-01-17',64,0,0,'0000-00-00',NULL,NULL,'2016-02-17 16:25:52',0,'2016-02-17 16:25:52',0,0),(470,'2016-01-17',65,0,0,'0000-00-00',NULL,NULL,'2016-02-17 16:25:52',0,'2016-02-17 16:25:52',0,0),(471,'2016-01-17',66,0,0,'0000-00-00',NULL,NULL,'2016-02-17 16:25:52',0,'2016-02-17 16:25:52',0,0),(472,'2016-01-17',67,0,0,'0000-00-00',NULL,NULL,'2016-02-17 16:25:52',0,'2016-02-17 16:25:52',0,0),(473,'2016-01-17',68,0,0,'0000-00-00',NULL,NULL,'2016-02-17 16:25:52',0,'2016-02-17 16:25:52',0,0),(474,'2016-01-17',69,0,0,'0000-00-00',NULL,NULL,'2016-02-17 16:25:52',0,'2016-02-17 16:25:52',0,0),(475,'2016-01-17',72,0,0,'0000-00-00',NULL,NULL,'2016-02-17 16:25:52',0,'2016-02-17 16:25:52',0,0),(476,'2016-01-17',73,0,0,'0000-00-00',NULL,NULL,'2016-02-17 16:25:52',0,'2016-02-17 16:25:52',0,0),(477,'2016-01-17',74,0,0,'0000-00-00',NULL,NULL,'2016-02-17 16:25:52',0,'2016-02-17 16:25:52',0,0),(478,'2016-01-01',31,45555,5,'0000-00-00',NULL,NULL,'2016-02-17 16:27:52',0,'2016-02-17 16:27:52',0,0),(479,'2016-01-01',70,160000,1000,'0000-00-00',NULL,NULL,'2016-02-17 16:27:52',0,'2016-02-17 16:27:52',0,0),(480,'2016-01-01',71,385576,5200,'0000-00-00',NULL,NULL,'2016-02-17 16:27:52',0,'2016-02-17 16:27:52',0,0),(481,'2016-01-01',75,11555,2778,'0000-00-00',NULL,NULL,'2016-02-17 16:27:52',0,'2016-02-17 16:27:52',0,0),(482,'2016-01-01',76,42000,11110,'0000-00-00',NULL,NULL,'2016-02-17 16:27:52',0,'2016-02-17 16:27:52',0,0),(485,'2016-01-17',0,0,0,'0000-00-00',NULL,NULL,'2016-02-17 16:27:52',0,'2016-02-17 16:27:52',0,0),(486,'2016-01-17',30,0,0,'0000-00-00',NULL,NULL,'2016-02-17 16:27:52',0,'2016-02-17 16:27:52',0,0),(487,'2016-01-17',32,0,0,'0000-00-00',NULL,NULL,'2016-02-17 16:27:52',0,'2016-02-17 16:27:52',0,0),(488,'2016-01-17',33,0,0,'0000-00-00',NULL,NULL,'2016-02-17 16:27:52',0,'2016-02-17 16:27:52',0,0),(489,'2016-01-17',34,0,0,'0000-00-00',NULL,NULL,'2016-02-17 16:27:52',0,'2016-02-17 16:27:52',0,0),(490,'2016-01-17',40,0,0,'0000-00-00',NULL,NULL,'2016-02-17 16:27:52',0,'2016-02-17 16:27:52',0,0),(491,'2016-01-17',41,0,0,'0000-00-00',NULL,NULL,'2016-02-17 16:27:52',0,'2016-02-17 16:27:52',0,0),(492,'2016-01-17',42,0,0,'0000-00-00',NULL,NULL,'2016-02-17 16:27:52',0,'2016-02-17 16:27:52',0,0),(493,'2016-01-17',43,0,0,'0000-00-00',NULL,NULL,'2016-02-17 16:27:52',0,'2016-02-17 16:27:52',0,0),(494,'2016-01-17',44,0,0,'0000-00-00',NULL,NULL,'2016-02-17 16:27:52',0,'2016-02-17 16:27:52',0,0),(495,'2016-01-17',45,0,0,'0000-00-00',NULL,NULL,'2016-02-17 16:27:52',0,'2016-02-17 16:27:52',0,0),(496,'2016-01-17',46,0,0,'0000-00-00',NULL,NULL,'2016-02-17 16:27:52',0,'2016-02-17 16:27:52',0,0),(497,'2016-01-17',47,0,0,'0000-00-00',NULL,NULL,'2016-02-17 16:27:52',0,'2016-02-17 16:27:52',0,0),(498,'2016-01-17',48,0,0,'0000-00-00',NULL,NULL,'2016-02-17 16:27:52',0,'2016-02-17 16:27:52',0,0),(499,'2016-01-17',49,0,0,'0000-00-00',NULL,NULL,'2016-02-17 16:27:52',0,'2016-02-17 16:27:52',0,0),(500,'2016-01-17',50,0,0,'0000-00-00',NULL,NULL,'2016-02-17 16:27:52',0,'2016-02-17 16:27:52',0,0),(501,'2016-01-17',51,0,0,'0000-00-00',NULL,NULL,'2016-02-17 16:27:52',0,'2016-02-17 16:27:52',0,0),(502,'2016-01-17',52,0,0,'0000-00-00',NULL,NULL,'2016-02-17 16:27:52',0,'2016-02-17 16:27:52',0,0),(503,'2016-01-17',53,0,0,'0000-00-00',NULL,NULL,'2016-02-17 16:27:52',0,'2016-02-17 16:27:52',0,0),(504,'2016-01-17',54,0,0,'0000-00-00',NULL,NULL,'2016-02-17 16:27:52',0,'2016-02-17 16:27:52',0,0),(505,'2016-01-17',55,0,0,'0000-00-00',NULL,NULL,'2016-02-17 16:27:52',0,'2016-02-17 16:27:52',0,0),(506,'2016-01-17',56,0,0,'0000-00-00',NULL,NULL,'2016-02-17 16:27:52',0,'2016-02-17 16:27:52',0,0),(507,'2016-01-17',57,0,0,'0000-00-00',NULL,NULL,'2016-02-17 16:27:52',0,'2016-02-17 16:27:52',0,0),(508,'2016-01-17',58,0,0,'0000-00-00',NULL,NULL,'2016-02-17 16:27:52',0,'2016-02-17 16:27:52',0,0),(509,'2016-01-17',59,0,0,'0000-00-00',NULL,NULL,'2016-02-17 16:27:52',0,'2016-02-17 16:27:52',0,0),(510,'2016-01-17',60,0,0,'0000-00-00',NULL,NULL,'2016-02-17 16:27:52',0,'2016-02-17 16:27:52',0,0),(511,'2016-01-17',61,0,0,'0000-00-00',NULL,NULL,'2016-02-17 16:27:52',0,'2016-02-17 16:27:52',0,0),(512,'2016-01-17',62,0,0,'0000-00-00',NULL,NULL,'2016-02-17 16:27:52',0,'2016-02-17 16:27:52',0,0),(513,'2016-01-17',63,0,0,'0000-00-00',NULL,NULL,'2016-02-17 16:27:52',0,'2016-02-17 16:27:52',0,0),(514,'2016-01-17',64,0,0,'0000-00-00',NULL,NULL,'2016-02-17 16:27:52',0,'2016-02-17 16:27:52',0,0),(515,'2016-01-17',65,0,0,'0000-00-00',NULL,NULL,'2016-02-17 16:27:52',0,'2016-02-17 16:27:52',0,0),(516,'2016-01-17',66,0,0,'0000-00-00',NULL,NULL,'2016-02-17 16:27:52',0,'2016-02-17 16:27:52',0,0),(517,'2016-01-17',67,0,0,'0000-00-00',NULL,NULL,'2016-02-17 16:27:52',0,'2016-02-17 16:27:52',0,0),(518,'2016-01-17',68,0,0,'0000-00-00',NULL,NULL,'2016-02-17 16:27:52',0,'2016-02-17 16:27:52',0,0),(519,'2016-01-17',69,0,0,'0000-00-00',NULL,NULL,'2016-02-17 16:27:52',0,'2016-02-17 16:27:52',0,0),(520,'2016-01-17',72,0,0,'0000-00-00',NULL,NULL,'2016-02-17 16:27:52',0,'2016-02-17 16:27:52',0,0),(521,'2016-01-17',73,0,0,'0000-00-00',NULL,NULL,'2016-02-17 16:27:52',0,'2016-02-17 16:27:52',0,0),(522,'2016-01-17',74,0,0,'0000-00-00',NULL,NULL,'2016-02-17 16:27:52',0,'2016-02-17 16:27:52',0,0),(523,'2016-01-01',31,45555,5,'0000-00-00',NULL,NULL,'2016-02-17 16:29:44',0,'2016-02-17 16:29:44',0,0),(524,'2016-01-01',70,160000,1000,'0000-00-00',NULL,NULL,'2016-02-17 16:29:44',0,'2016-02-17 16:29:44',0,0),(525,'2016-01-01',71,385576,5200,'0000-00-00',NULL,NULL,'2016-02-17 16:29:44',0,'2016-02-17 16:29:44',0,0),(526,'2016-01-01',75,11555,2778,'0000-00-00',NULL,NULL,'2016-02-17 16:29:44',0,'2016-02-17 16:29:44',0,0),(527,'2016-01-01',76,42000,11110,'0000-00-00',NULL,NULL,'2016-02-17 16:29:44',0,'2016-02-17 16:29:44',0,0),(528,'2016-01-01',77,10000,100,'0000-00-00','2016-02-16',NULL,'2016-02-01 00:00:00',0,'2016-02-01 00:00:00',0,0),(529,'2016-01-01',78,20000,4000,'0000-00-00','2016-02-16',NULL,'2016-02-01 00:00:00',0,'2016-02-01 00:00:00',0,0),(530,'2016-01-17',0,0,0,'0000-00-00',NULL,NULL,'2016-02-17 16:29:44',0,'2016-02-17 16:29:44',0,0),(531,'2016-01-17',30,0,0,'0000-00-00',NULL,NULL,'2016-02-17 16:29:44',0,'2016-02-17 16:29:44',0,0),(532,'2016-01-17',32,0,0,'0000-00-00',NULL,NULL,'2016-02-17 16:29:44',0,'2016-02-17 16:29:44',0,0),(533,'2016-01-17',33,0,0,'0000-00-00',NULL,NULL,'2016-02-17 16:29:44',0,'2016-02-17 16:29:44',0,0),(534,'2016-01-17',34,0,0,'0000-00-00',NULL,NULL,'2016-02-17 16:29:44',0,'2016-02-17 16:29:44',0,0),(535,'2016-01-17',40,0,0,'0000-00-00',NULL,NULL,'2016-02-17 16:29:44',0,'2016-02-17 16:29:44',0,0),(536,'2016-01-17',41,0,0,'0000-00-00',NULL,NULL,'2016-02-17 16:29:44',0,'2016-02-17 16:29:44',0,0),(537,'2016-01-17',42,0,0,'0000-00-00',NULL,NULL,'2016-02-17 16:29:44',0,'2016-02-17 16:29:44',0,0),(538,'2016-01-17',43,0,0,'0000-00-00',NULL,NULL,'2016-02-17 16:29:44',0,'2016-02-17 16:29:44',0,0),(539,'2016-01-17',44,0,0,'0000-00-00',NULL,NULL,'2016-02-17 16:29:44',0,'2016-02-17 16:29:44',0,0),(540,'2016-01-17',45,0,0,'0000-00-00',NULL,NULL,'2016-02-17 16:29:44',0,'2016-02-17 16:29:44',0,0),(541,'2016-01-17',46,0,0,'0000-00-00',NULL,NULL,'2016-02-17 16:29:44',0,'2016-02-17 16:29:44',0,0),(542,'2016-01-17',47,0,0,'0000-00-00',NULL,NULL,'2016-02-17 16:29:44',0,'2016-02-17 16:29:44',0,0),(543,'2016-01-17',48,0,0,'0000-00-00',NULL,NULL,'2016-02-17 16:29:44',0,'2016-02-17 16:29:44',0,0),(544,'2016-01-17',49,0,0,'0000-00-00',NULL,NULL,'2016-02-17 16:29:44',0,'2016-02-17 16:29:44',0,0),(545,'2016-01-17',50,0,0,'0000-00-00',NULL,NULL,'2016-02-17 16:29:44',0,'2016-02-17 16:29:44',0,0),(546,'2016-01-17',51,0,0,'0000-00-00',NULL,NULL,'2016-02-17 16:29:44',0,'2016-02-17 16:29:44',0,0),(547,'2016-01-17',52,0,0,'0000-00-00',NULL,NULL,'2016-02-17 16:29:44',0,'2016-02-17 16:29:44',0,0),(548,'2016-01-17',53,0,0,'0000-00-00',NULL,NULL,'2016-02-17 16:29:44',0,'2016-02-17 16:29:44',0,0),(549,'2016-01-17',54,0,0,'0000-00-00',NULL,NULL,'2016-02-17 16:29:44',0,'2016-02-17 16:29:44',0,0),(550,'2016-01-17',55,0,0,'0000-00-00',NULL,NULL,'2016-02-17 16:29:44',0,'2016-02-17 16:29:44',0,0),(551,'2016-01-17',56,0,0,'0000-00-00',NULL,NULL,'2016-02-17 16:29:44',0,'2016-02-17 16:29:44',0,0),(552,'2016-01-17',57,0,0,'0000-00-00',NULL,NULL,'2016-02-17 16:29:44',0,'2016-02-17 16:29:44',0,0),(553,'2016-01-17',58,0,0,'0000-00-00',NULL,NULL,'2016-02-17 16:29:44',0,'2016-02-17 16:29:44',0,0),(554,'2016-01-17',59,0,0,'0000-00-00',NULL,NULL,'2016-02-17 16:29:44',0,'2016-02-17 16:29:44',0,0),(555,'2016-01-17',60,0,0,'0000-00-00',NULL,NULL,'2016-02-17 16:29:44',0,'2016-02-17 16:29:44',0,0),(556,'2016-01-17',61,0,0,'0000-00-00',NULL,NULL,'2016-02-17 16:29:44',0,'2016-02-17 16:29:44',0,0),(557,'2016-01-17',62,0,0,'0000-00-00',NULL,NULL,'2016-02-17 16:29:44',0,'2016-02-17 16:29:44',0,0),(558,'2016-01-17',63,0,0,'0000-00-00',NULL,NULL,'2016-02-17 16:29:44',0,'2016-02-17 16:29:44',0,0),(559,'2016-01-17',64,0,0,'0000-00-00',NULL,NULL,'2016-02-17 16:29:44',0,'2016-02-17 16:29:44',0,0),(560,'2016-01-17',65,0,0,'0000-00-00',NULL,NULL,'2016-02-17 16:29:44',0,'2016-02-17 16:29:44',0,0),(561,'2016-01-17',66,0,0,'0000-00-00',NULL,NULL,'2016-02-17 16:29:44',0,'2016-02-17 16:29:44',0,0),(562,'2016-01-17',67,0,0,'0000-00-00',NULL,NULL,'2016-02-17 16:29:44',0,'2016-02-17 16:29:44',0,0),(563,'2016-01-17',68,0,0,'0000-00-00',NULL,NULL,'2016-02-17 16:29:44',0,'2016-02-17 16:29:44',0,0),(564,'2016-01-17',69,0,0,'0000-00-00',NULL,NULL,'2016-02-17 16:29:44',0,'2016-02-17 16:29:44',0,0),(565,'2016-01-17',72,0,0,'0000-00-00',NULL,NULL,'2016-02-17 16:29:44',0,'2016-02-17 16:29:44',0,0),(566,'2016-01-17',73,0,0,'0000-00-00',NULL,NULL,'2016-02-17 16:29:44',0,'2016-02-17 16:29:44',0,0),(567,'2016-01-17',74,0,0,'0000-00-00',NULL,NULL,'2016-02-17 16:29:44',0,'2016-02-17 16:29:44',0,0),(568,'2016-02-01',70,10000,0,'0000-00-00',NULL,NULL,'2016-03-01 00:00:04',0,'2016-03-01 00:00:04',0,0),(569,'2016-02-01',71,62221,5200,'0000-00-00',NULL,NULL,'2016-03-01 00:00:04',0,'2016-03-01 00:00:04',0,0),(570,'2016-02-01',77,1200001,300,'0000-00-00',NULL,NULL,'2016-03-01 00:00:04',0,'2016-03-01 00:00:04',0,0),(571,'2016-02-01',0,0,0,'0000-00-00',NULL,NULL,'2016-03-01 00:00:05',0,'2016-03-01 00:00:05',0,0),(572,'2016-02-01',30,0,0,'0000-00-00',NULL,NULL,'2016-03-01 00:00:05',0,'2016-03-01 00:00:05',0,0),(573,'2016-02-01',31,0,0,'0000-00-00',NULL,NULL,'2016-03-01 00:00:05',0,'2016-03-01 00:00:05',0,0),(574,'2016-02-01',32,0,0,'0000-00-00',NULL,NULL,'2016-03-01 00:00:05',0,'2016-03-01 00:00:05',0,0),(575,'2016-02-01',33,0,0,'0000-00-00',NULL,NULL,'2016-03-01 00:00:06',0,'2016-03-01 00:00:06',0,0),(576,'2016-02-01',34,0,0,'0000-00-00',NULL,NULL,'2016-03-01 00:00:06',0,'2016-03-01 00:00:06',0,0),(577,'2016-02-01',40,0,0,'0000-00-00',NULL,NULL,'2016-03-01 00:00:06',0,'2016-03-01 00:00:06',0,0),(578,'2016-02-01',41,0,0,'0000-00-00',NULL,NULL,'2016-03-01 00:00:06',0,'2016-03-01 00:00:06',0,0),(579,'2016-02-01',42,0,0,'0000-00-00',NULL,NULL,'2016-03-01 00:00:06',0,'2016-03-01 00:00:06',0,0),(580,'2016-02-01',43,0,0,'0000-00-00',NULL,NULL,'2016-03-01 00:00:06',0,'2016-03-01 00:00:06',0,0),(581,'2016-02-01',44,0,0,'0000-00-00',NULL,NULL,'2016-03-01 00:00:06',0,'2016-03-01 00:00:06',0,0),(582,'2016-02-01',45,0,0,'0000-00-00',NULL,NULL,'2016-03-01 00:00:06',0,'2016-03-01 00:00:06',0,0),(583,'2016-02-01',46,0,0,'0000-00-00',NULL,NULL,'2016-03-01 00:00:07',0,'2016-03-01 00:00:07',0,0),(584,'2016-02-01',47,0,0,'0000-00-00',NULL,NULL,'2016-03-01 00:00:07',0,'2016-03-01 00:00:07',0,0),(585,'2016-02-01',48,0,0,'0000-00-00',NULL,NULL,'2016-03-01 00:00:07',0,'2016-03-01 00:00:07',0,0),(586,'2016-02-01',49,0,0,'0000-00-00',NULL,NULL,'2016-03-01 00:00:07',0,'2016-03-01 00:00:07',0,0),(587,'2016-02-01',50,0,0,'0000-00-00',NULL,NULL,'2016-03-01 00:00:07',0,'2016-03-01 00:00:07',0,0),(588,'2016-02-01',51,0,0,'0000-00-00',NULL,NULL,'2016-03-01 00:00:07',0,'2016-03-01 00:00:07',0,0),(589,'2016-02-01',52,0,0,'0000-00-00',NULL,NULL,'2016-03-01 00:00:07',0,'2016-03-01 00:00:07',0,0),(590,'2016-02-01',53,0,0,'0000-00-00',NULL,NULL,'2016-03-01 00:00:07',0,'2016-03-01 00:00:07',0,0),(591,'2016-02-01',54,0,0,'0000-00-00',NULL,NULL,'2016-03-01 00:00:08',0,'2016-03-01 00:00:08',0,0),(592,'2016-02-01',55,0,0,'0000-00-00',NULL,NULL,'2016-03-01 00:00:08',0,'2016-03-01 00:00:08',0,0),(593,'2016-02-01',56,0,0,'0000-00-00',NULL,NULL,'2016-03-01 00:00:08',0,'2016-03-01 00:00:08',0,0),(594,'2016-02-01',57,0,0,'0000-00-00',NULL,NULL,'2016-03-01 00:00:09',0,'2016-03-01 00:00:09',0,0),(595,'2016-02-01',58,0,0,'0000-00-00',NULL,NULL,'2016-03-01 00:00:09',0,'2016-03-01 00:00:09',0,0),(596,'2016-02-01',59,0,0,'0000-00-00',NULL,NULL,'2016-03-01 00:00:09',0,'2016-03-01 00:00:09',0,0),(597,'2016-02-01',60,0,0,'0000-00-00',NULL,NULL,'2016-03-01 00:00:10',0,'2016-03-01 00:00:10',0,0),(598,'2016-02-01',61,0,0,'0000-00-00',NULL,NULL,'2016-03-01 00:00:10',0,'2016-03-01 00:00:10',0,0),(599,'2016-02-01',62,0,0,'0000-00-00',NULL,NULL,'2016-03-01 00:00:10',0,'2016-03-01 00:00:10',0,0),(600,'2016-02-01',63,0,0,'0000-00-00',NULL,NULL,'2016-03-01 00:00:11',0,'2016-03-01 00:00:11',0,0),(601,'2016-02-01',64,0,0,'0000-00-00',NULL,NULL,'2016-03-01 00:00:11',0,'2016-03-01 00:00:11',0,0),(602,'2016-02-01',65,0,0,'0000-00-00',NULL,NULL,'2016-03-01 00:00:11',0,'2016-03-01 00:00:11',0,0),(603,'2016-02-01',66,0,0,'0000-00-00',NULL,NULL,'2016-03-01 00:00:12',0,'2016-03-01 00:00:12',0,0),(604,'2016-02-01',67,0,0,'0000-00-00',NULL,NULL,'2016-03-01 00:00:12',0,'2016-03-01 00:00:12',0,0),(605,'2016-02-01',68,0,0,'0000-00-00',NULL,NULL,'2016-03-01 00:00:12',0,'2016-03-01 00:00:12',0,0),(606,'2016-02-01',69,0,0,'0000-00-00',NULL,NULL,'2016-03-01 00:00:12',0,'2016-03-01 00:00:12',0,0),(607,'2016-02-01',72,0,0,'0000-00-00',NULL,NULL,'2016-03-01 00:00:13',0,'2016-03-01 00:00:13',0,0),(608,'2016-02-01',73,0,0,'0000-00-00',NULL,NULL,'2016-03-01 00:00:13',0,'2016-03-01 00:00:13',0,0),(609,'2016-02-01',74,0,0,'0000-00-00',NULL,NULL,'2016-03-01 00:00:13',0,'2016-03-01 00:00:13',0,0),(610,'2016-02-01',75,0,0,'0000-00-00',NULL,NULL,'2016-03-01 00:00:13',0,'2016-03-01 00:00:13',0,0),(611,'2016-02-01',76,0,0,'0000-00-00',NULL,NULL,'2016-03-01 00:00:14',0,'2016-03-01 00:00:14',0,0),(612,'2016-02-01',78,0,0,'0000-00-00',NULL,NULL,'2016-03-01 00:00:14',0,'2016-03-01 00:00:14',0,0),(613,'2016-02-01',79,0,0,'0000-00-00',NULL,NULL,'2016-03-01 00:00:14',0,'2016-03-01 00:00:14',0,0),(614,'2016-02-01',80,0,0,'0000-00-00',NULL,NULL,'2016-03-01 00:00:15',0,'2016-03-01 00:00:15',0,0),(615,'2016-02-01',81,0,0,'0000-00-00',NULL,NULL,'2016-03-01 00:00:15',0,'2016-03-01 00:00:15',0,0),(616,'2016-02-01',82,0,0,'0000-00-00',NULL,NULL,'2016-03-01 00:00:15',0,'2016-03-01 00:00:15',0,0),(617,'2016-02-01',83,0,0,'0000-00-00',NULL,NULL,'2016-03-01 00:00:15',0,'2016-03-01 00:00:15',0,0);
/*!40000 ALTER TABLE `t_demand` ENABLE KEYS */;
UNLOCK TABLES;

--
-- Table structure for table `t_payment`
--

DROP TABLE IF EXISTS `t_payment`;
/*!40101 SET @saved_cs_client     = @@character_set_client */;
/*!40101 SET character_set_client = utf8 */;
CREATE TABLE `t_payment` (
  `reward_id` int(10) unsigned NOT NULL AUTO_INCREMENT,
  `cid` int(10) NOT NULL,
  `uid` int(10) NOT NULL,
  `reward_add_time` datetime NOT NULL,
  `buy_id` int(10) NOT NULL,
  `introduce_point_total` int(10) NOT NULL,
  `introduce_point_company1` int(10) NOT NULL,
  `introduce_point_company2` int(10) NOT NULL,
  `introduce_point_user1` int(10) NOT NULL,
  `introduce_point_user2` int(10) NOT NULL,
  `introduce_point_takeyani` int(10) NOT NULL,
  `point_use` int(10) NOT NULL,
  `point_add` tinyint(1) NOT NULL,
  `update_date` datetime DEFAULT NULL,
  `update_user` int(10) DEFAULT NULL,
  `create_date` datetime NOT NULL,
  `create_user` int(10) NOT NULL,
  `delete_flg` tinyint(1) NOT NULL,
  PRIMARY KEY (`reward_id`)
) ENGINE=InnoDB AUTO_INCREMENT=34 DEFAULT CHARSET=utf8 COLLATE=utf8_unicode_ci;
/*!40101 SET character_set_client = @saved_cs_client */;

--
-- Dumping data for table `t_payment`
--

LOCK TABLES `t_payment` WRITE;
/*!40000 ALTER TABLE `t_payment` DISABLE KEYS */;
INSERT INTO `t_payment` VALUES (1,31,30,'2016-01-15 16:08:44',264,5,100,0,250,0,150,0,0,'2016-01-16 00:00:01',0,'2016-01-16 00:00:01',0,0),(2,70,32,'2016-01-15 00:00:00',265,200,4000,0,10000,0,6000,1000,0,'2016-01-16 00:00:01',0,'2016-01-16 00:00:01',0,0),(3,70,32,'2016-01-15 00:00:00',266,200,4000,0,10000,0,6000,1000,0,'2016-01-16 00:00:01',0,'2016-01-16 00:00:01',0,0),(4,70,32,'2016-01-15 00:00:00',267,200,4000,0,10000,0,6000,1000,0,'2016-01-16 00:00:01',0,'2016-01-16 00:00:01',0,0),(5,70,32,'2016-01-15 00:00:00',268,200,4000,0,10000,0,6000,1000,0,'2016-01-16 00:00:01',0,'2016-01-16 00:00:01',0,0),(6,70,32,'2016-01-15 00:00:00',269,200,4000,0,10000,0,6000,1000,0,'2016-01-16 00:00:01',0,'2016-01-16 00:00:01',0,0),(7,71,37,'2016-01-17 15:22:50',79,200,4000,0,10000,0,6000,0,0,'2016-01-18 00:00:02',0,'2016-01-18 00:00:02',0,0),(8,71,37,'2016-01-17 15:22:50',79,200,4000,0,10000,0,6000,0,0,'2016-01-18 16:55:51',0,'2016-01-18 16:55:51',0,0),(9,71,37,'2016-01-17 15:22:50',79,200,4000,0,10000,0,6000,0,0,'2016-01-18 17:01:43',0,'2016-01-18 17:01:43',0,0),(10,71,37,'2016-01-17 15:22:50',79,200,4000,0,10000,0,6000,0,0,'2016-01-18 19:04:59',0,'2016-01-18 19:04:59',0,0),(11,71,37,'2016-01-17 15:22:50',79,200,4000,0,10000,0,6000,0,0,'2016-01-18 19:11:04',0,'2016-01-18 19:11:04',0,0),(14,76,50,'2016-01-18 20:54:32',272,5555,1111,0,2778,0,1666,0,0,'2016-01-19 17:32:00',0,'2016-01-19 17:32:00',0,0),(15,76,50,'2016-01-18 20:54:32',272,5555,1111,0,2778,0,1666,0,0,'2016-01-19 19:27:35',0,'2016-01-19 19:27:35',0,0),(16,75,50,'2016-01-18 19:19:12',274,2778,556,0,1389,0,833,0,0,'2016-01-19 19:27:35',0,'2016-01-19 19:27:35',0,0),(17,71,49,'2016-01-24 17:48:43',275,5000,1000,0,2500,0,1500,2000,0,'2016-01-25 00:00:02',0,'2016-01-25 00:00:02',0,0),(18,71,37,'2016-01-26 16:50:09',81,200,40,0,100,0,60,0,0,'2016-01-27 00:00:01',0,'2016-01-27 00:00:01',0,0),(23,77,52,'2016-01-29 07:48:11',276,100,20,0,50,0,30,0,1,'2016-02-17 16:45:26',0,'2016-01-30 00:00:01',0,0),(24,78,57,'2016-01-29 07:49:43',277,4000,800,0,2000,0,1200,0,1,'2016-02-17 16:45:27',0,'2016-01-30 00:00:02',0,0),(25,77,55,'2016-02-01 18:17:18',278,100,20,0,50,0,30,20,0,'2016-02-02 00:00:01',0,'2016-02-02 00:00:01',0,0),(26,71,37,'2016-02-02 16:59:25',82,200,40,0,100,0,60,0,0,'2016-02-03 00:00:01',0,'2016-02-03 00:00:01',0,0),(27,71,49,'2016-02-14 16:45:27',263,200,40,0,100,0,60,9999,0,'2016-02-15 00:00:02',0,'2016-02-15 00:00:02',0,0),(28,77,52,'2015-12-01 00:00:00',279,100,20,0,50,0,30,0,0,'2015-12-01 00:00:00',0,'2015-12-01 00:00:00',0,0),(29,78,57,'2015-12-01 00:00:00',280,4000,800,0,2000,0,1200,0,0,'2015-12-01 00:00:00',0,'2015-12-01 00:00:00',0,0),(30,78,57,'2015-02-01 00:00:00',281,4000,800,0,2000,0,1200,0,0,'2015-02-01 00:00:00',0,'2015-02-01 00:00:00',0,0),(31,77,52,'2016-02-18 12:52:02',282,100,20,0,50,0,30,0,0,'2016-02-19 00:00:02',0,'2016-02-19 00:00:02',0,0),(32,77,52,'2016-02-18 12:52:21',283,100,20,0,50,0,30,0,0,'2016-02-19 00:00:02',0,'2016-02-19 00:00:02',0,0),(33,71,49,'2016-02-29 19:36:13',284,5000,1000,0,2500,0,1500,222,0,'2016-03-01 00:00:04',0,'2016-03-01 00:00:04',0,0);
/*!40000 ALTER TABLE `t_payment` ENABLE KEYS */;
UNLOCK TABLES;

--
-- Table structure for table `t_purchase`
--

DROP TABLE IF EXISTS `t_purchase`;
/*!40101 SET @saved_cs_client     = @@character_set_client */;
/*!40101 SET character_set_client = utf8 */;
CREATE TABLE `t_purchase` (
  `buy_id` int(10) unsigned NOT NULL AUTO_INCREMENT,
  `buy_time` datetime NOT NULL,
  `sales_company_id` int(10) NOT NULL,
  `company_reward_id` int(10) NOT NULL,
  `introduce_uid` int(10) NOT NULL,
  `buy_price` int(10) DEFAULT NULL,
  `point_use` int(10) DEFAULT NULL,
  `update_date` datetime DEFAULT NULL,
  `update_user` int(10) DEFAULT NULL,
  `create_date` datetime NOT NULL,
  `create_user` int(10) NOT NULL,
  `delete_flg` tinyint(1) NOT NULL,
  PRIMARY KEY (`buy_id`)
) ENGINE=InnoDB AUTO_INCREMENT=285 DEFAULT CHARSET=utf8 COLLATE=utf8_unicode_ci;
/*!40101 SET character_set_client = @saved_cs_client */;

--
-- Dumping data for table `t_purchase`
--

LOCK TABLES `t_purchase` WRITE;
/*!40000 ALTER TABLE `t_purchase` DISABLE KEYS */;
INSERT INTO `t_purchase` VALUES (1,'2015-12-18 17:46:27',42,0,46,999999999,0,'2015-12-18 17:46:27',42,'2015-12-18 17:46:27',42,0),(2,'2015-12-18 17:48:29',42,0,46,1500,0,'2015-12-18 17:48:29',42,'2015-12-18 17:48:29',42,0),(3,'2015-12-18 17:48:41',42,0,46,3000,0,'2015-12-18 17:48:41',42,'2015-12-18 17:48:41',42,0),(4,'2015-12-21 16:20:05',44,13,46,1000,0,'2015-12-21 16:20:05',44,'2015-12-21 16:20:05',44,0),(5,'2015-12-21 17:19:19',44,13,46,1200,0,'2015-12-21 17:19:19',44,'2015-12-21 17:19:19',44,0),(6,'2015-12-21 17:23:08',44,13,46,2560,0,'2015-12-21 17:23:08',44,'2015-12-21 17:23:08',44,0),(7,'2015-12-21 17:27:53',44,13,46,9999,300,'2015-12-21 17:27:53',44,'2015-12-21 17:27:53',44,0),(8,'2015-12-21 17:28:17',44,13,46,45000,10000,'2015-12-21 17:28:17',44,'2015-12-21 17:28:17',44,1),(9,'2015-12-21 17:29:19',44,13,46,999999999,0,'2015-12-21 17:29:19',44,'2015-12-21 17:29:19',44,0),(10,'2015-12-21 17:56:04',45,13,47,100,0,'2015-12-21 17:56:04',45,'2015-12-21 17:56:04',45,0),(11,'2015-12-22 10:19:49',44,13,46,1,0,'2015-12-22 10:19:49',44,'2015-12-22 10:19:49',44,0),(12,'2015-12-22 10:19:55',44,13,46,2,0,'2015-12-22 10:19:55',44,'2015-12-22 10:19:55',44,0),(13,'2015-12-22 10:22:22',44,13,46,100,0,'2015-12-22 10:22:22',44,'2015-12-22 10:22:22',44,0),(14,'2015-12-22 10:26:57',44,13,46,1000,0,'2015-12-22 10:26:57',44,'2015-12-22 10:26:57',44,0),(15,'2015-12-22 10:27:53',44,13,46,10085,0,'2015-12-22 10:27:53',44,'2015-12-22 10:27:53',44,0),(16,'2015-12-22 10:27:57',44,13,46,10070,0,'2015-12-22 10:27:57',44,'2015-12-22 10:27:57',44,0),(17,'2015-12-22 10:27:59',44,13,46,10038,0,'2015-12-22 10:27:59',44,'2015-12-22 10:27:59',44,0),(18,'2015-12-22 10:28:01',44,13,46,10095,0,'2015-12-22 10:28:01',44,'2015-12-22 10:28:01',44,0),(19,'2015-12-22 10:28:23',44,13,46,10064,0,'2015-12-22 10:28:23',44,'2015-12-22 10:28:23',44,0),(20,'2015-12-22 10:28:24',44,13,46,10060,0,'2015-12-22 10:28:24',44,'2015-12-22 10:28:24',44,0),(21,'2015-12-22 10:28:26',44,13,46,10012,0,'2015-12-22 10:28:26',44,'2015-12-22 10:28:26',44,0),(22,'2015-12-22 10:28:28',44,13,46,10097,0,'2015-12-22 10:28:28',44,'2015-12-22 10:28:28',44,0),(23,'2015-12-22 10:28:29',44,13,46,10074,0,'2015-12-22 10:28:29',44,'2015-12-22 10:28:29',44,0),(24,'2015-12-22 10:28:31',44,13,46,10066,0,'2015-12-22 10:28:31',44,'2015-12-22 10:28:31',44,0),(25,'2015-12-22 10:28:46',44,13,46,1900,0,'2015-12-22 10:28:46',44,'2015-12-22 10:28:46',44,0),(26,'2015-12-22 10:28:48',44,13,46,3200,0,'2015-12-22 10:28:48',44,'2015-12-22 10:28:48',44,0),(27,'2015-12-22 10:28:50',44,13,46,7500,0,'2015-12-22 10:28:50',44,'2015-12-22 10:28:50',44,0),(28,'2015-12-22 10:28:52',44,13,46,6400,0,'2015-12-22 10:28:52',44,'2015-12-22 10:28:52',44,0),(29,'2015-12-22 10:28:54',44,13,46,9700,0,'2015-12-22 10:28:54',44,'2015-12-22 10:28:54',44,0),(30,'2015-12-22 10:32:16',44,13,46,62000,0,'2015-12-22 10:32:16',44,'2015-12-22 10:32:16',44,0),(31,'2015-12-22 10:32:55',44,13,46,69000,0,'2015-12-22 10:32:55',44,'2015-12-22 10:32:55',44,0),(32,'2015-12-22 10:33:03',44,13,46,19000,0,'2015-12-22 10:33:03',44,'2015-12-22 10:33:03',44,0),(33,'2015-12-22 10:33:05',44,13,46,10000,0,'2015-12-22 10:33:05',44,'2015-12-22 10:33:05',44,0),(34,'2015-12-22 10:33:06',44,13,46,70000,0,'2015-12-22 10:33:06',44,'2015-12-22 10:33:06',44,0),(35,'2015-12-22 10:33:08',44,13,46,70000,0,'2015-12-22 10:33:08',44,'2015-12-22 10:33:08',44,0),(36,'2015-12-22 10:33:09',44,13,46,48000,0,'2015-12-22 10:33:09',44,'2015-12-22 10:33:09',44,0),(37,'2015-12-22 10:33:10',44,13,46,28000,0,'2015-12-22 10:33:10',44,'2015-12-22 10:33:10',44,0),(38,'2015-12-22 10:33:11',44,13,46,30000,0,'2015-12-22 10:33:11',44,'2015-12-22 10:33:11',44,0),(39,'2015-12-22 10:33:12',44,13,46,43000,0,'2015-12-22 10:33:12',44,'2015-12-22 10:33:12',44,0),(40,'2015-12-22 10:33:13',44,13,46,72000,0,'2015-12-22 10:33:13',44,'2015-12-22 10:33:13',44,0),(41,'2015-12-22 10:33:15',44,13,46,75000,0,'2015-12-22 10:33:15',44,'2015-12-22 10:33:15',44,0),(42,'2015-12-22 10:33:17',44,13,46,42000,0,'2015-12-22 10:33:17',44,'2015-12-22 10:33:17',44,0),(43,'2015-12-22 10:33:18',44,13,46,4000,0,'2015-12-22 10:33:18',44,'2015-12-22 10:33:18',44,0),(44,'2015-12-22 10:33:33',44,13,46,35000,0,'2015-12-22 10:33:33',44,'2015-12-22 10:33:33',44,0),(45,'2015-12-22 10:33:35',44,13,46,99000,0,'2015-12-22 10:33:35',44,'2015-12-22 10:33:35',44,0),(46,'2015-12-22 10:35:17',44,13,46,84000,0,'2015-12-22 10:35:17',44,'2015-12-22 10:35:17',44,0),(47,'2015-12-22 10:35:18',44,13,46,28000,0,'2015-12-22 10:35:18',44,'2015-12-22 10:35:18',44,0),(48,'2015-12-22 10:35:20',44,13,46,79000,0,'2015-12-22 10:35:20',44,'2015-12-22 10:35:20',44,0),(49,'2015-12-22 10:35:21',44,13,46,27000,0,'2015-12-22 10:35:21',44,'2015-12-22 10:35:21',44,0),(50,'2015-12-22 10:35:22',44,13,46,94000,0,'2015-12-22 10:35:22',44,'2015-12-22 10:35:22',44,0),(51,'2015-12-22 10:35:23',44,13,46,14000,0,'2015-12-22 10:35:23',44,'2015-12-22 10:35:23',44,0),(52,'2015-12-22 10:35:24',44,13,46,8000,0,'2015-12-22 10:35:24',44,'2015-12-22 10:35:24',44,0),(53,'2015-12-22 10:35:26',44,13,46,53000,0,'2015-12-22 10:35:26',44,'2015-12-22 10:35:26',44,0),(54,'2015-12-22 10:35:27',44,13,46,56000,0,'2015-12-22 10:35:27',44,'2015-12-22 10:35:27',44,0),(55,'2015-12-22 10:35:28',44,13,46,23000,0,'2015-12-22 10:35:28',44,'2015-12-22 10:35:28',44,0),(56,'2015-12-22 10:35:29',44,13,46,68000,0,'2015-12-22 10:35:29',44,'2015-12-22 10:35:29',44,0),(57,'2015-12-22 10:35:30',44,13,46,88000,0,'2015-12-22 10:35:30',44,'2015-12-22 10:35:30',44,0),(58,'2015-12-22 10:35:31',44,13,46,62000,0,'2015-12-22 10:35:31',44,'2015-12-22 10:35:31',44,0),(59,'2015-12-22 10:35:32',44,13,46,90000,0,'2015-12-22 10:35:32',44,'2015-12-22 10:35:32',44,1),(60,'2015-12-22 10:35:33',44,13,46,27000,0,'2015-12-22 10:35:33',44,'2015-12-22 10:35:33',44,1),(61,'2015-12-22 10:35:34',44,13,46,43000,0,'2015-12-22 10:35:34',44,'2015-12-22 10:35:34',44,1),(62,'2015-12-24 14:40:42',44,13,46,123,0,'2015-12-24 14:40:42',44,'2015-12-24 14:40:42',44,0),(63,'2015-12-01 00:00:00',70,13,32,1000,1000,'2015-12-01 00:00:00',70,'2015-12-01 00:00:00',70,1),(64,'2015-12-01 00:00:00',70,13,32,1000,1000,'2015-12-01 00:00:00',70,'2015-12-01 00:00:00',70,1),(65,'2015-12-01 00:00:00',70,13,32,1000,1000,'2015-12-01 00:00:00',70,'2015-12-01 00:00:00',70,1),(66,'2015-12-01 00:00:00',70,13,32,1000,1000,'2015-12-01 00:00:00',70,'2015-12-01 00:00:00',70,1),(67,'2015-12-01 00:00:00',70,13,32,1000,1000,'2015-12-01 00:00:00',70,'2015-12-01 00:00:00',70,1),(68,'2016-01-01 00:00:00',70,13,32,1000,1000,'2016-01-01 00:00:00',70,'2016-01-01 00:00:00',70,1),(69,'2016-01-01 00:00:00',70,13,32,1000,1000,'2016-01-01 00:00:00',70,'2016-01-01 00:00:00',70,1),(70,'2016-01-01 00:00:00',70,13,32,1000,1000,'2016-01-01 00:00:00',70,'2016-01-01 00:00:00',70,1),(71,'2016-01-01 00:00:00',70,13,32,1000,1000,'2016-01-01 00:00:00',70,'2016-01-01 00:00:00',70,1),(72,'2016-02-01 00:00:00',70,13,32,1000,1000,'2016-02-01 00:00:00',70,'2016-02-01 00:00:00',70,1),(73,'2016-02-01 00:00:00',70,13,32,1000,1000,'2016-02-01 00:00:00',70,'2016-02-01 00:00:00',70,1),(74,'2016-02-01 00:00:00',70,13,32,1000,1000,'2016-02-01 00:00:00',70,'2016-02-01 00:00:00',70,1),(75,'2016-02-01 00:00:00',70,13,32,1000,1000,'2016-02-01 00:00:00',70,'2016-02-01 00:00:00',70,1),(76,'2016-02-01 00:00:00',70,13,32,1000,1000,'2016-02-01 00:00:00',70,'2016-02-01 00:00:00',70,1),(77,'2015-12-01 00:00:00',71,13,37,10000,0,'2015-12-01 00:00:00',71,'2015-12-01 00:00:00',71,0),(78,'2015-12-01 00:00:00',71,13,37,5000,0,'2015-12-01 00:00:00',71,'2015-12-01 00:00:00',71,0),(79,'2015-12-01 00:00:00',71,13,37,5000,0,'2015-12-01 00:00:00',71,'2015-12-01 00:00:00',71,0),(80,'2015-12-01 00:00:00',71,13,37,12111,0,'2015-12-01 00:00:00',71,'2015-12-01 00:00:00',71,0),(81,'2015-12-01 00:00:00',71,13,37,121212,0,'2015-12-01 00:00:00',71,'2015-12-01 00:00:00',71,0),(82,'2016-01-01 00:00:00',71,13,37,323232,0,'2016-01-08 16:59:25',71,'2016-02-02 16:59:25',71,0),(84,'2016-01-01 00:00:00',71,13,37,19999,4999,'2016-01-08 17:12:31',71,'2016-01-08 17:12:31',71,0),(85,'2016-01-01 00:00:00',71,13,32,1000,1000,'2016-01-08 00:53:38',70,'2016-01-08 00:53:38',70,0),(86,'2016-01-01 00:00:00',71,13,32,1000,1000,'2016-01-08 00:53:38',70,'2016-01-08 00:53:38',70,0),(87,'2016-01-01 00:00:00',71,13,32,1000,1000,'2016-01-08 00:53:38',70,'2016-01-08 00:53:38',70,0),(88,'2016-01-01 00:00:00',71,13,32,1000,1000,'2016-01-08 00:53:38',70,'2016-01-08 00:53:38',70,0),(89,'2016-01-01 00:00:00',71,13,32,1000,1000,'2016-01-08 00:53:38',70,'2016-01-08 00:53:38',70,0),(90,'2016-01-01 00:00:00',71,13,32,1000,1000,'2016-01-08 00:53:38',70,'2016-01-08 00:53:38',70,0),(91,'2016-01-01 00:00:00',71,13,32,1000,1000,'2016-01-08 00:53:38',70,'2016-01-08 00:53:38',70,0),(92,'2016-01-01 00:00:00',71,13,32,1000,1000,'2016-01-08 00:53:38',70,'2016-01-08 00:53:38',70,0),(93,'2016-01-01 00:00:00',71,13,32,1000,1000,'2016-01-08 00:53:38',70,'2016-01-08 00:53:38',70,0),(94,'2016-01-01 00:00:00',71,13,32,1000,1000,'2016-01-08 00:53:38',70,'2016-01-08 00:53:38',70,0),(95,'2016-01-03 00:53:38',71,13,32,1000,1000,'2016-01-08 00:53:38',70,'2016-01-08 00:53:38',70,0),(96,'2016-01-03 00:53:38',71,13,32,1000,1000,'2016-01-08 00:53:38',70,'2016-01-08 00:53:38',70,0),(97,'2016-01-03 00:53:38',71,13,32,1000,1000,'2016-01-08 00:53:38',70,'2016-01-08 00:53:38',70,0),(98,'2016-01-03 00:53:38',71,13,32,1000,1000,'2016-01-08 00:53:38',70,'2016-01-08 00:53:38',70,0),(99,'2016-01-03 00:53:38',71,13,32,1000,1000,'2016-01-08 00:53:38',70,'2016-01-08 00:53:38',70,0),(100,'2016-01-03 00:53:38',71,13,32,1000,1000,'2016-01-08 00:53:38',70,'2016-01-08 00:53:38',70,0),(101,'2016-01-03 00:53:38',71,13,32,1000,1000,'2016-01-08 00:53:38',70,'2016-01-08 00:53:38',70,0),(102,'2016-01-03 00:53:38',71,13,32,1000,1000,'2016-01-08 00:53:38',70,'2016-01-08 00:53:38',70,0),(103,'2016-01-03 00:53:38',71,13,32,1000,1000,'2016-01-08 00:53:38',70,'2016-01-08 00:53:38',70,0),(104,'2016-01-03 00:53:38',71,13,32,1000,1000,'2016-01-08 00:53:38',70,'2016-01-08 00:53:38',70,0),(105,'2016-01-01 00:00:00',70,13,32,1000,1000,'2016-01-01 00:00:00',70,'2016-01-01 00:00:00',70,1),(106,'2016-01-01 00:00:00',70,13,32,1000,1000,'2016-01-01 00:00:00',70,'2016-01-01 00:00:00',70,1),(107,'2016-01-01 00:00:00',70,13,32,1000,1000,'2016-01-01 00:00:00',70,'2016-01-01 00:00:00',70,1),(108,'2016-01-01 00:00:00',70,13,32,1000,1000,'2016-01-01 00:00:00',70,'2016-01-01 00:00:00',70,1),(109,'2016-01-01 00:00:00',70,13,32,1000,1000,'2016-01-01 00:00:00',70,'2016-01-01 00:00:00',70,1),(110,'2016-01-01 00:00:00',70,13,32,1000,1000,'2016-01-01 00:00:00',70,'2016-01-01 00:00:00',70,1),(111,'2016-01-01 00:00:00',70,13,32,1000,1000,'2016-01-12 00:00:00',70,'2016-01-01 00:00:00',70,1),(112,'2016-01-01 00:00:00',70,13,32,1000,1000,'2016-01-01 00:00:00',70,'2016-01-01 00:00:00',70,0),(113,'2016-01-01 00:00:00',70,13,32,1000,1000,'2016-01-01 00:00:00',70,'2016-01-01 00:00:00',70,0),(114,'2016-01-01 00:00:00',70,13,32,1000,1000,'2016-01-01 00:00:00',70,'2016-01-01 00:00:00',70,0),(115,'2016-01-01 00:00:00',70,13,32,1000,1000,'2016-01-01 00:00:00',70,'2016-01-01 00:00:00',70,0),(116,'2016-01-01 00:00:00',70,13,32,1000,1000,'2016-01-01 00:00:00',70,'2016-01-08 00:53:38',70,0),(117,'2016-01-01 00:00:00',70,13,32,1000,1000,'2016-01-01 00:00:00',70,'2016-01-08 00:53:38',70,0),(118,'2016-01-01 00:00:00',70,13,32,1000,1000,'2016-01-01 00:00:00',70,'2016-01-08 00:53:38',70,0),(119,'2016-01-01 00:00:00',70,13,32,1000,1000,'2016-01-01 00:00:00',70,'2016-01-08 00:53:38',70,0),(120,'2016-01-01 00:00:00',70,13,32,1000,1000,'2016-01-15 18:51:14',70,'2016-01-08 00:53:38',70,1),(121,'2016-01-02 00:00:00',70,13,32,1000,1000,'2016-01-01 00:00:00',70,'2016-01-01 00:00:00',70,0),(122,'2016-01-02 00:00:00',70,13,32,1000,1000,'2016-01-01 00:00:00',70,'2016-01-01 00:00:00',70,0),(123,'2016-01-02 00:00:00',70,13,32,1000,1000,'2016-01-01 00:00:00',70,'2016-01-01 00:00:00',70,0),(124,'2016-01-02 00:00:00',70,13,32,1000,1000,'2016-01-01 00:00:00',70,'2016-01-01 00:00:00',70,0),(125,'2016-01-02 00:00:00',70,13,32,1000,1000,'2016-01-01 00:00:00',70,'2016-01-01 00:00:00',70,0),(126,'2016-01-02 00:00:00',70,13,32,1000,1000,'2016-01-01 00:00:00',70,'2016-01-01 00:00:00',70,0),(127,'2016-01-02 00:00:00',70,13,32,1000,1000,'2016-01-01 00:00:00',70,'2016-01-01 00:00:00',70,0),(128,'2016-01-02 00:00:00',70,13,32,1000,1000,'2016-01-12 12:00:55',70,'2016-01-01 00:00:00',70,1),(129,'2016-01-02 00:00:00',70,13,32,1000,1000,'2016-01-12 12:17:54',70,'2016-01-01 00:00:00',70,1),(130,'2016-01-02 00:00:00',70,13,32,1000,1000,'2016-01-12 00:00:00',70,'2016-01-01 00:00:00',70,1),(131,'2016-01-02 00:00:00',70,13,32,1000,1000,'2016-01-12 00:00:00',70,'2016-01-01 00:00:00',70,1),(132,'2016-01-02 00:00:00',70,13,32,1000,1000,'2016-01-01 00:00:00',70,'2016-01-01 00:00:00',70,0),(133,'2016-01-02 00:00:00',70,13,32,1000,1000,'2016-01-01 00:00:00',70,'2016-01-01 00:00:00',70,0),(134,'2016-01-02 00:00:00',70,13,32,1000,1000,'2016-01-01 00:00:00',70,'2016-01-01 00:00:00',70,0),(135,'2016-01-02 00:00:00',70,13,32,1000,1000,'2016-01-01 00:00:00',70,'2016-01-01 00:00:00',70,0),(136,'2016-01-02 00:00:00',70,13,32,1000,1000,'2016-01-01 00:00:00',70,'2016-01-01 00:00:00',70,0),(137,'2016-01-02 00:00:00',70,13,32,1000,1000,'2016-01-01 00:00:00',70,'2016-01-01 00:00:00',70,0),(138,'2016-01-02 00:00:00',70,13,32,1000,1000,'2016-01-01 00:00:00',70,'2016-01-01 00:00:00',70,0),(139,'2016-01-02 00:00:00',70,13,32,1000,1000,'2016-01-01 00:00:00',70,'2016-01-01 00:00:00',70,0),(140,'2016-01-02 00:00:00',70,13,32,1000,1000,'2016-01-01 00:00:00',70,'2016-01-01 00:00:00',70,0),(141,'2016-01-03 00:00:00',70,13,32,1000,1000,'2016-01-01 00:00:00',70,'2016-01-01 00:00:00',70,0),(142,'2016-01-03 00:00:00',70,13,32,1000,1000,'2016-01-01 00:00:00',70,'2016-01-01 00:00:00',70,0),(143,'2016-01-03 00:00:00',70,13,32,1000,1000,'2016-01-01 00:00:00',70,'2016-01-01 00:00:00',70,0),(144,'2016-01-03 00:00:00',70,13,32,1000,1000,'2016-01-01 00:00:00',70,'2016-01-01 00:00:00',70,0),(145,'2016-01-03 00:00:00',70,13,32,1000,1000,'2016-01-01 00:00:00',70,'2016-01-01 00:00:00',70,0),(146,'2016-01-03 00:00:00',70,13,32,1000,1000,'2016-01-01 00:00:00',70,'2016-01-01 00:00:00',70,0),(147,'2016-01-03 00:00:00',70,13,32,1000,1000,'2016-01-01 00:00:00',70,'2016-01-01 00:00:00',70,0),(148,'2016-01-03 00:00:00',70,13,32,1000,1000,'2016-01-01 00:00:00',70,'2016-01-01 00:00:00',70,0),(149,'2016-01-03 00:00:00',70,13,32,1000,1000,'2016-01-01 00:00:00',70,'2016-01-01 00:00:00',70,0),(150,'2016-01-03 00:00:00',70,13,32,1000,1000,'2016-01-01 00:00:00',70,'2016-01-01 00:00:00',70,0),(151,'2016-01-03 00:00:00',70,13,32,1000,1000,'2016-01-01 00:00:00',70,'2016-01-01 00:00:00',70,0),(152,'2016-01-03 00:00:00',70,13,32,1000,1000,'2016-01-01 00:00:00',70,'2016-01-01 00:00:00',70,0),(153,'2016-01-03 00:00:00',70,13,32,1000,1000,'2016-01-01 00:00:00',70,'2016-01-01 00:00:00',70,0),(154,'2016-01-03 00:00:00',70,13,32,1000,1000,'2016-01-01 00:00:00',70,'2016-01-01 00:00:00',70,0),(155,'2016-01-03 00:00:00',70,13,32,1000,1000,'2016-01-01 00:00:00',70,'2016-01-01 00:00:00',70,0),(156,'2016-01-03 00:00:00',70,13,32,1000,1000,'2016-01-01 00:00:00',70,'2016-01-01 00:00:00',70,0),(157,'2016-01-03 00:00:00',70,13,32,1000,1000,'2016-01-01 00:00:00',70,'2016-01-01 00:00:00',70,0),(158,'2016-01-03 00:00:00',70,13,32,1000,1000,'2016-01-01 00:00:00',70,'2016-01-01 00:00:00',70,0),(159,'2016-02-01 00:00:00',70,13,32,1000,1000,'2016-01-01 00:00:00',70,'2016-01-01 00:00:00',70,0),(160,'2016-02-01 00:00:00',70,13,32,1000,1000,'2016-01-01 00:00:00',70,'2016-01-01 00:00:00',70,0),(161,'2016-02-01 00:00:00',70,13,32,1000,1000,'2016-01-01 00:00:00',70,'2016-01-01 00:00:00',70,0),(162,'2016-02-01 00:00:00',70,13,32,1000,1000,'2016-01-01 00:00:00',70,'2016-01-01 00:00:00',70,0),(163,'2016-02-01 00:00:00',70,13,32,1000,1000,'2016-01-01 00:00:00',70,'2016-01-01 00:00:00',70,0),(164,'2016-01-03 00:00:00',70,13,32,1000,1000,'2016-01-01 00:00:00',70,'2016-01-01 00:00:00',70,0),(165,'2016-01-03 00:00:00',70,13,32,1000,1000,'2016-01-01 00:00:00',70,'2016-01-01 00:00:00',70,0),(166,'2016-01-03 00:00:00',70,13,32,1000,1000,'2016-01-01 00:00:00',70,'2016-01-01 00:00:00',70,0),(167,'2016-01-03 00:00:00',70,13,32,1000,1000,'2016-01-01 00:00:00',70,'2016-01-01 00:00:00',70,0),(168,'2016-01-03 00:00:00',70,13,32,1000,1000,'2016-01-01 00:00:00',70,'2016-01-01 00:00:00',70,0),(169,'2016-01-03 00:00:00',70,13,32,1000,1000,'2016-01-01 00:00:00',70,'2016-01-01 00:00:00',70,0),(170,'2016-01-03 00:00:00',70,13,32,1000,1000,'2016-01-01 00:00:00',70,'2016-01-01 00:00:00',70,0),(171,'2016-01-04 00:00:00',70,13,32,1000,1000,'2016-01-01 00:00:00',70,'2016-01-01 00:00:00',70,0),(172,'2016-01-04 00:00:00',70,13,32,1000,1000,'2016-01-01 00:00:00',70,'2016-01-01 00:00:00',70,0),(173,'2016-01-04 00:00:00',70,13,32,1000,1000,'2016-01-01 00:00:00',70,'2016-01-01 00:00:00',70,0),(174,'2016-01-04 00:00:00',70,13,32,1000,1000,'2016-01-01 00:00:00',70,'2016-01-01 00:00:00',70,0),(175,'2016-01-04 00:00:00',70,13,32,1000,1000,'2016-01-01 00:00:00',70,'2016-01-01 00:00:00',70,0),(176,'2016-01-04 00:00:00',70,13,32,1000,1000,'2016-01-01 00:00:00',70,'2016-01-01 00:00:00',70,0),(177,'2016-01-04 00:00:00',70,13,32,1000,1000,'2016-01-01 00:00:00',70,'2016-01-01 00:00:00',70,0),(178,'2016-01-04 00:00:00',70,13,32,1000,1000,'2016-01-01 00:00:00',70,'2016-01-01 00:00:00',70,0),(179,'2016-01-04 00:00:00',70,13,32,1000,1000,'2016-01-01 00:00:00',70,'2016-01-01 00:00:00',70,0),(180,'2016-01-04 00:00:00',70,13,32,1000,1000,'2016-01-01 00:00:00',70,'2016-01-01 00:00:00',70,0),(181,'2016-01-04 00:00:00',70,13,32,1000,1000,'2016-01-01 00:00:00',70,'2016-01-01 00:00:00',70,0),(182,'2016-01-04 00:00:00',70,13,32,1000,1000,'2016-01-01 00:00:00',70,'2016-01-01 00:00:00',70,0),(183,'2016-01-04 00:00:00',70,13,32,1000,1000,'2016-01-01 00:00:00',70,'2016-01-01 00:00:00',70,0),(184,'2016-01-04 00:00:00',70,13,32,1000,1000,'2016-01-01 00:00:00',70,'2016-01-01 00:00:00',70,0),(185,'2016-01-04 00:00:00',70,13,32,1000,1000,'2016-01-01 00:00:00',70,'2016-01-01 00:00:00',70,0),(186,'2016-01-04 00:00:00',70,13,32,1000,1000,'2016-01-01 00:00:00',70,'2016-01-01 00:00:00',70,0),(187,'2016-01-04 00:00:00',70,13,32,1000,1000,'2016-01-01 00:00:00',70,'2016-01-01 00:00:00',70,0),(188,'2016-01-04 00:00:00',70,13,32,1000,1000,'2016-01-01 00:00:00',70,'2016-01-01 00:00:00',70,0),(189,'2016-01-04 00:00:00',70,13,32,1000,1000,'2016-01-01 00:00:00',70,'2016-01-01 00:00:00',70,0),(190,'2016-01-04 00:00:00',70,13,32,1000,1000,'2016-01-01 00:00:00',70,'2016-01-01 00:00:00',70,0),(191,'2016-01-04 00:00:00',70,13,32,1000,1000,'2016-01-01 00:00:00',70,'2016-01-01 00:00:00',70,0),(192,'2016-01-04 00:00:00',70,13,32,1000,1000,'2016-01-01 00:00:00',70,'2016-01-01 00:00:00',70,0),(193,'2016-01-04 00:00:00',70,13,32,1000,1000,'2016-01-01 00:00:00',70,'2016-01-01 00:00:00',70,0),(194,'2016-01-04 00:00:00',70,13,32,1000,1000,'2016-01-01 00:00:00',70,'2016-01-01 00:00:00',70,0),(195,'2016-01-04 00:00:00',70,13,32,1000,1000,'2016-01-01 00:00:00',70,'2016-01-01 00:00:00',70,0),(196,'2016-01-04 00:00:00',70,13,32,1000,1000,'2016-01-01 00:00:00',70,'2016-01-01 00:00:00',70,0),(197,'2016-01-04 00:00:00',70,13,32,1000,1000,'2016-01-01 00:00:00',70,'2016-01-01 00:00:00',70,0),(198,'2016-01-04 00:00:00',70,13,32,1000,1000,'2016-01-01 00:00:00',70,'2016-01-01 00:00:00',70,0),(199,'2016-01-04 00:00:00',70,13,32,1000,1000,'2016-01-01 00:00:00',70,'2016-01-01 00:00:00',70,0),(200,'2016-01-04 00:00:00',70,13,32,1000,1000,'2016-01-01 00:00:00',70,'2016-01-01 00:00:00',70,0),(201,'2016-01-04 00:00:00',70,13,32,1000,1000,'2016-01-01 00:00:00',70,'2016-01-01 00:00:00',70,0),(202,'2016-01-04 00:00:00',70,13,32,1000,1000,'2016-01-01 00:00:00',70,'2016-01-01 00:00:00',70,0),(203,'2016-01-04 00:00:00',70,13,32,1000,1000,'2016-01-01 00:00:00',70,'2016-01-01 00:00:00',70,0),(204,'2016-01-04 00:00:00',70,13,32,1000,1000,'2016-01-01 00:00:00',70,'2016-01-01 00:00:00',70,0),(205,'2016-01-04 00:00:00',70,13,32,1000,1000,'2016-01-01 00:00:00',70,'2016-01-01 00:00:00',70,0),(206,'2016-01-04 00:00:00',70,13,32,1000,1000,'2016-01-01 00:00:00',70,'2016-01-01 00:00:00',70,0),(207,'2016-01-04 00:00:00',70,13,32,1000,1000,'2016-01-01 00:00:00',70,'2016-01-01 00:00:00',70,0),(208,'2016-01-04 00:00:00',70,13,32,1000,1000,'2016-01-01 00:00:00',70,'2016-01-01 00:00:00',70,0),(209,'2016-01-04 00:00:00',70,13,32,1000,1000,'2016-01-01 00:00:00',70,'2016-01-01 00:00:00',70,0),(210,'2016-01-04 00:00:00',70,13,32,1000,1000,'2016-01-01 00:00:00',70,'2016-01-01 00:00:00',70,0),(211,'2016-01-05 00:00:00',70,13,32,1000,1000,'2016-01-01 00:00:00',70,'2016-01-01 00:00:00',70,0),(212,'2016-01-05 00:00:00',70,13,32,1000,1000,'2016-01-01 00:00:00',70,'2016-01-01 00:00:00',70,0),(213,'2016-01-05 00:00:00',70,13,32,1000,1000,'2016-01-01 00:00:00',70,'2016-01-01 00:00:00',70,0),(214,'2016-01-05 00:00:00',70,13,32,1000,1000,'2016-01-01 00:00:00',70,'2016-01-01 00:00:00',70,0),(215,'2016-01-05 00:00:00',70,13,32,1000,1000,'2016-01-01 00:00:00',70,'2016-01-01 00:00:00',70,0),(216,'2016-01-05 00:00:00',70,13,32,1000,1000,'2016-01-01 00:00:00',70,'2016-01-01 00:00:00',70,0),(217,'2016-01-05 00:00:00',70,13,32,1000,1000,'2016-01-01 00:00:00',70,'2016-01-01 00:00:00',70,0),(218,'2016-01-05 00:00:00',70,13,32,1000,1000,'2016-01-01 00:00:00',70,'2016-01-01 00:00:00',70,0),(219,'2016-01-05 00:00:00',70,13,32,1000,1000,'2016-01-01 00:00:00',70,'2016-01-01 00:00:00',70,0),(220,'2016-01-05 00:00:00',70,13,32,1000,1000,'2016-01-01 00:00:00',70,'2016-01-01 00:00:00',70,0),(221,'2016-01-05 00:00:00',70,13,32,1000,1000,'2016-01-01 00:00:00',70,'2016-01-01 00:00:00',70,0),(222,'2016-01-05 00:00:00',70,13,32,1000,1000,'2016-01-01 00:00:00',70,'2016-01-01 00:00:00',70,0),(223,'2016-01-05 00:00:00',70,13,32,1000,1000,'2016-01-01 00:00:00',70,'2016-01-01 00:00:00',70,0),(224,'2016-01-05 00:00:00',70,13,32,1000,1000,'2016-01-01 00:00:00',70,'2016-01-01 00:00:00',70,0),(225,'2016-01-05 00:00:00',70,13,32,1000,1000,'2016-01-01 00:00:00',70,'2016-01-01 00:00:00',70,0),(226,'2016-01-05 00:00:00',70,13,32,1000,1000,'2016-01-01 00:00:00',70,'2016-01-01 00:00:00',70,0),(227,'2016-01-05 00:00:00',70,13,32,1000,1000,'2016-01-01 00:00:00',70,'2016-01-01 00:00:00',70,0),(228,'2016-01-05 00:00:00',70,13,32,1000,1000,'2016-01-01 00:00:00',70,'2016-01-01 00:00:00',70,0),(229,'2016-01-05 00:00:00',70,13,32,1000,1000,'2016-01-01 00:00:00',70,'2016-01-01 00:00:00',70,0),(230,'2016-01-05 00:00:00',70,13,32,1000,1000,'2016-01-01 00:00:00',70,'2016-01-01 00:00:00',70,0),(231,'2016-01-05 00:00:00',70,13,32,1000,1000,'2016-01-01 00:00:00',70,'2016-01-01 00:00:00',70,0),(232,'2016-01-05 00:00:00',70,13,32,1000,1000,'2016-01-01 00:00:00',70,'2016-01-01 00:00:00',70,0),(233,'2016-01-05 00:00:00',70,13,32,1000,1000,'2016-01-01 00:00:00',70,'2016-01-01 00:00:00',70,0),(234,'2016-01-05 00:00:00',70,13,32,1000,1000,'2016-01-01 00:00:00',70,'2016-01-01 00:00:00',70,0),(235,'2016-01-05 00:00:00',70,13,32,1000,1000,'2016-01-01 00:00:00',70,'2016-01-01 00:00:00',70,0),(236,'2016-01-05 00:00:00',70,13,32,1000,1000,'2016-01-01 00:00:00',70,'2016-01-01 00:00:00',70,0),(237,'2016-01-05 00:00:00',70,13,32,1000,1000,'2016-01-01 00:00:00',70,'2016-01-01 00:00:00',70,0),(238,'2016-01-05 00:00:00',70,13,32,1000,1000,'2016-01-01 00:00:00',70,'2016-01-01 00:00:00',70,0),(239,'2016-01-05 00:00:00',70,13,32,1000,1000,'2016-01-01 00:00:00',70,'2016-01-01 00:00:00',70,0),(240,'2016-01-05 00:00:00',70,13,32,1000,1000,'2016-01-01 00:00:00',70,'2016-01-01 00:00:00',70,0),(241,'2016-01-05 00:00:00',70,13,32,1000,1000,'2016-01-01 00:00:00',70,'2016-01-01 00:00:00',70,0),(242,'2016-01-05 00:00:00',70,13,32,1000,1000,'2016-01-01 00:00:00',70,'2016-01-01 00:00:00',70,0),(243,'2016-01-05 00:00:00',70,13,32,1000,1000,'2016-01-01 00:00:00',70,'2016-01-01 00:00:00',70,0),(244,'2016-01-05 00:00:00',70,13,32,1000,1000,'2016-01-01 00:00:00',70,'2016-01-01 00:00:00',70,0),(245,'2016-01-05 00:00:00',70,13,32,1000,1000,'2016-01-01 00:00:00',70,'2016-01-01 00:00:00',70,0),(246,'2016-01-05 00:00:00',70,13,32,1000,1000,'2016-01-01 00:00:00',70,'2016-01-01 00:00:00',70,0),(247,'2016-01-05 00:00:00',70,13,32,1000,1000,'2016-01-01 00:00:00',70,'2016-01-01 00:00:00',70,0),(248,'2016-01-05 00:00:00',70,13,32,1000,1000,'2016-01-01 00:00:00',70,'2016-01-01 00:00:00',70,0),(249,'2016-01-05 00:00:00',70,13,32,1000,1000,'2016-01-01 00:00:00',70,'2016-01-01 00:00:00',70,0),(250,'2016-01-05 00:00:00',70,13,32,1000,1000,'2016-01-01 00:00:00',70,'2016-01-01 00:00:00',70,0),(251,'2016-01-05 00:00:00',70,13,32,1000,1000,'2016-01-01 00:00:00',70,'2016-01-01 00:00:00',70,0),(252,'2016-01-05 00:00:00',70,13,32,1000,1000,'2016-01-01 00:00:00',70,'2016-01-01 00:00:00',70,0),(253,'2016-01-05 00:00:00',70,13,32,1000,1000,'2016-01-01 00:00:00',70,'2016-01-01 00:00:00',70,0),(254,'2016-01-05 00:00:00',70,13,32,1000,1000,'2016-01-01 00:00:00',70,'2016-01-01 00:00:00',70,0),(255,'2016-01-05 00:00:00',70,13,32,1000,1000,'2016-01-01 00:00:00',70,'2016-01-01 00:00:00',70,0),(256,'2016-01-05 00:00:00',70,13,32,1000,1000,'2016-01-01 00:00:00',70,'2016-01-01 00:00:00',70,0),(257,'2016-01-05 00:00:00',70,13,32,1000,1000,'2016-01-01 00:00:00',70,'2016-01-01 00:00:00',70,0),(258,'2016-01-05 00:00:00',70,13,32,1000,1000,'2016-01-01 00:00:00',70,'2016-01-01 00:00:00',70,0),(259,'2016-01-05 00:00:00',70,13,32,1000,1000,'2016-01-01 00:00:00',70,'2016-01-01 00:00:00',70,0),(260,'2016-01-05 00:00:00',70,13,32,1000,1000,'2016-01-12 18:16:39',70,'2016-01-01 00:00:00',70,1),(261,'2016-01-08 19:29:57',71,13,37,12345,2345,'2016-01-08 19:29:57',71,'2016-01-08 19:29:57',71,1),(262,'2016-12-08 19:29:57',31,13,37,12345,2345,'2016-01-18 11:56:12',71,'2016-01-08 19:29:57',71,1),(263,'2016-02-14 16:45:27',71,13,49,39999,9999,'2016-01-14 16:45:27',71,'2016-01-14 16:45:27',71,0),(264,'2016-01-15 16:08:44',31,1,30,45555,0,'2016-01-15 16:08:44',31,'2016-01-15 16:08:44',31,0),(265,'2016-01-15 00:00:00',70,13,32,1000,1000,'2016-01-15 00:00:00',70,'2016-01-15 00:00:00',70,0),(266,'2016-01-15 00:00:00',70,13,32,1000,1000,'2016-01-15 00:00:00',70,'2016-01-15 00:00:00',70,0),(267,'2016-01-15 00:00:00',70,13,32,1000,1000,'2016-01-15 00:00:00',70,'2016-01-15 00:00:00',70,0),(268,'2016-01-15 00:00:00',70,13,32,1000,1000,'2016-01-18 13:45:39',70,'2016-01-15 00:00:00',70,1),(269,'2016-01-15 00:00:00',70,13,32,1000,1000,'2016-01-18 13:25:11',70,'2016-01-15 00:00:00',70,1),(270,'2016-01-17 17:11:39',75,1,50,1000,0,'2016-01-18 17:11:39',75,'2016-01-18 17:11:39',75,0),(271,'2016-01-17 18:38:33',75,1,50,5000,0,'2016-01-18 18:38:33',75,'2016-01-18 18:38:33',75,0),(272,'2016-01-18 20:54:32',76,61,50,1000,0,'2016-01-18 20:54:32',76,'2016-01-18 20:54:32',76,0),(273,'2016-01-19 17:27:11',76,61,51,40000,0,'2016-01-19 17:27:11',76,'2016-01-19 17:27:11',76,0),(274,'2016-01-18 19:19:12',75,59,50,5555,0,'2016-01-19 19:19:12',75,'2016-01-19 19:19:12',75,0),(275,'2016-01-24 17:48:43',71,48,49,10000,2000,'2016-01-24 17:48:43',71,'2016-01-24 17:48:43',71,0),(276,'2016-01-29 07:48:11',77,62,52,10000,0,'2016-01-29 07:48:11',77,'2016-01-29 07:48:11',77,0),(277,'2016-01-29 07:48:11',78,63,57,20000,0,'2016-01-29 07:49:43',78,'2016-01-29 07:49:43',78,0),(278,'2016-02-01 18:17:18',77,62,55,100001,20,'2016-02-01 18:17:18',77,'2016-02-01 18:17:18',77,0),(279,'2015-12-01 00:00:00',77,62,52,10000,0,'2015-12-01 00:00:00',77,'2015-12-01 00:00:00',77,0),(280,'2015-12-01 00:00:00',78,63,57,20000,0,'2015-12-01 00:00:00',78,'2015-12-01 00:00:00',78,0),(281,'2015-02-01 00:00:00',78,63,57,20000,0,'2015-02-01 00:00:00',78,'2015-02-01 00:00:00',78,0),(282,'2016-02-18 12:52:02',77,62,52,1000000,0,'2016-02-18 12:52:02',77,'2016-02-18 12:52:02',77,0),(283,'2016-02-18 12:52:21',77,62,52,100000,0,'2016-02-18 12:52:21',77,'2016-02-18 12:52:21',77,0),(284,'2016-02-29 19:36:13',71,48,49,22222,222,'2016-02-29 19:36:13',71,'2016-02-29 19:36:13',71,0);
/*!40000 ALTER TABLE `t_purchase` ENABLE KEYS */;
UNLOCK TABLES;

--
-- Table structure for table `t_support`
--

DROP TABLE IF EXISTS `t_support`;
/*!40101 SET @saved_cs_client     = @@character_set_client */;
/*!40101 SET character_set_client = utf8 */;
CREATE TABLE `t_support` (
  `company_reward_id` int(10) unsigned NOT NULL AUTO_INCREMENT,
  `cid` int(10) DEFAULT NULL,
  `reward_from_data` date DEFAULT NULL,
  `reward_to_data` date DEFAULT NULL,
  `reward_from_time` varchar(10) COLLATE utf8_unicode_ci DEFAULT NULL,
  `reward_to_time` varchar(10) COLLATE utf8_unicode_ci DEFAULT NULL,
  `applied_lowest_price` int(20) DEFAULT NULL,
  `discount_price` int(20) DEFAULT NULL,
  `discount_rate` int(5) DEFAULT NULL,
  `reward_point` int(10) NOT NULL,
  `reward_point_rate` int(5) NOT NULL,
  `reward_content` text COLLATE utf8_unicode_ci,
  `reward_group` tinyint(2) DEFAULT NULL,
  `active_flag` tinyint(1) NOT NULL,
  `update_date` datetime DEFAULT NULL,
  `update_user` int(10) DEFAULT NULL,
  `create_date` datetime NOT NULL,
  `create_user` int(10) NOT NULL,
  `delete_flg` tinyint(1) NOT NULL,
  PRIMARY KEY (`company_reward_id`)
) ENGINE=InnoDB AUTO_INCREMENT=69 DEFAULT CHARSET=utf8 COLLATE=utf8_unicode_ci;
/*!40101 SET character_set_client = @saved_cs_client */;

--
-- Dumping data for table `t_support`
--

LOCK TABLES `t_support` WRITE;
/*!40000 ALTER TABLE `t_support` DISABLE KEYS */;
INSERT INTO `t_support` VALUES (1,31,'2015-12-14',NULL,'15:00','',1000,100,0,0,10,'test1',1,0,'2015-12-08 16:07:32',31,'2015-12-08 16:07:32',31,0),(2,32,'2015-12-11',NULL,'15:00','',10000,100,0,100,0,'test2',1,1,'2015-12-08 18:46:25',32,'2015-12-08 18:46:25',32,0),(3,33,'2015-12-01',NULL,'15:00','',10000,100,0,100,0,'test1',1,1,'2015-12-08 19:17:22',33,'2015-12-08 19:17:22',33,0),(4,34,'2015-11-11',NULL,'15:00','',1000,100,0,100,0,'test1',1,1,'2015-12-08 21:06:44',34,'2015-12-08 21:06:44',34,0),(5,35,'1994-07-07','1994-07-07','11:01','',1013,1,0,0,40,'1',1,0,'2015-12-09 07:25:27',35,'2015-12-09 07:25:27',35,0),(6,36,'1994-07-07','1994-07-07','11:01','',101,1,0,0,40,'1',1,0,'2015-12-09 07:36:30',36,'2015-12-09 07:29:36',36,0),(7,36,'2000-01-02','2000-01-03','01:01','',10,1,0,1,0,'応援内容説明',1,0,'2015-12-09 07:36:30',36,'2015-12-09 07:36:30',36,0),(8,37,'2015-01-01',NULL,'15:00','',10000,100,0,10,0,'test12101',1,1,'2015-12-10 06:31:32',37,'2015-12-10 06:31:32',37,0),(9,38,'2015-01-01',NULL,'15:00','',1000,100,0,100,0,'test12102',1,1,'2015-12-10 08:36:37',38,'2015-12-10 08:36:37',38,0),(10,39,'2015-01-01',NULL,'15:00','',1000,10,0,10,0,'test12103',1,1,'2015-12-10 10:04:41',39,'2015-12-10 10:04:41',39,0),(11,40,'1994-07-07','1995-07-07','07:07','',11,0,3,0,3,'1',1,0,'2015-12-16 15:45:33',40,'2015-12-16 15:45:33',40,0),(12,41,'2015-01-01',NULL,'15:00','',1000,100,0,100,0,'test121801',1,1,'2015-12-18 14:46:14',41,'2015-12-18 14:46:14',41,0),(13,42,'2015-12-01',NULL,'00:00','10:00',0,10000,0,200,0,'テスト',1,1,'2015-12-24 21:24:54',42,'2015-12-18 14:46:59',42,0),(14,43,'2015-12-18','2015-12-19','11:11','14:22',1,0,2,3,0,'応援内容説明',1,0,'2015-12-18 16:40:05',43,'2015-12-18 16:40:05',43,0),(15,44,'2015-12-01','2017-12-31','00:12','00:00',1000,250,0,3500,0,'応援内容説明テスト',1,1,'2015-12-24 14:47:21',44,'2015-12-21 15:26:10',44,0),(16,44,'2020-12-12',NULL,'00:59','',15000,2500,0,3500,0,'応援内容てすと',1,0,'2015-12-24 14:47:21',44,'2015-12-24 14:47:21',44,0),(17,45,'2015-01-01',NULL,'00:00','',1000,0,1,0,10,'特に無し',1,1,'2015-12-21 17:55:12',45,'2015-12-21 17:55:12',45,0),(18,46,'2015-01-01','2015-01-02','11:00','11:00',1000,100,0,100,0,'test122301',1,0,'2015-12-23 09:27:32',46,'2015-12-23 09:27:32',46,0),(19,47,'2015-01-01',NULL,'15:00','',1000,1,0,1,0,'test',1,1,'2015-12-23 10:03:31',47,'2015-12-23 10:03:31',47,0),(20,48,'2015-01-01',NULL,'15:00','',1000,100,0,100,0,'test1',1,1,'2015-12-23 10:09:09',48,'2015-12-23 10:09:09',48,0),(21,49,'2015-01-01','2015-01-02','15:00','16:00',1000,0,1,0,1,'test122302',1,0,'2015-12-23 16:19:48',49,'2015-12-23 16:19:48',49,0),(22,50,'2015-01-01',NULL,'15:00','',100,1,0,1,0,'test122303',1,1,'2015-12-23 16:45:24',50,'2015-12-23 16:45:24',50,0),(23,51,'2015-01-05','2015-01-05','15:00','16:00',5,5,0,5,0,'応援内容説明test122304',1,0,'2015-12-23 16:51:00',51,'2015-12-23 16:51:00',51,0),(24,52,'2015-12-01','2017-12-31','00:00','00:00',1000,250,0,0,10,'応援内容説明テスト',1,1,'2015-12-24 13:33:11',52,'2015-12-24 13:33:11',52,0),(25,53,'2015-12-01','2017-12-31','00:00','00:00',1000,250,0,0,10,'応援内容説明テスト',1,1,'2015-12-24 20:20:55',53,'2015-12-24 20:20:55',53,0),(26,54,'2015-12-01','2017-12-31','00:00','00:00',1000,250,0,0,10,'応援内容説明テスト',1,1,'2015-12-24 20:58:43',54,'2015-12-24 20:58:43',54,0),(27,55,'2015-12-24',NULL,'21:01','',1,1,0,1,0,'あ',1,1,'2015-12-24 21:01:54',55,'2015-12-24 21:01:54',55,0),(28,56,'2015-12-25',NULL,'00:00','',5000,0,10,0,10,'応援します。',1,1,'2015-12-25 01:29:36',56,'2015-12-25 01:29:36',56,0),(29,57,'2015-12-25',NULL,'08:07','',1,1,0,1,0,'Test',1,1,'2015-12-25 08:07:55',57,'2015-12-25 08:07:55',57,0),(30,58,'2015-12-25','2016-01-26','23:59','01:59',12345,2000,0,0,10,'tesutodesu',1,0,'2016-01-27 00:00:01',0,'2015-12-25 10:50:56',58,0),(31,59,'2015-12-25',NULL,'10:35','',5555,0,2,5,0,'Hhhh',1,1,'2015-12-25 12:36:35',59,'2015-12-25 12:36:35',59,0),(32,60,'2015-12-01',NULL,'15:00','',1,1,0,1,0,'test122501',1,1,'2015-12-25 16:16:53',60,'2015-12-25 16:16:53',60,0),(33,61,'2015-12-01','2017-12-31','00:00','00:00',1000,250,0,0,10,'応援内容説明テスト',1,1,'2015-12-25 16:23:37',61,'2015-12-25 16:23:37',61,0),(34,62,'2015-12-26','2017-12-31','00:00','00:00',1000,250,0,0,10,'応援内容説明テスト',1,1,'2015-12-25 18:16:10',62,'2015-12-25 18:16:10',62,0),(35,31,'2015-12-25',NULL,'01:01','00:00',100,1,0,1,0,'1',1,0,'2015-12-25 18:25:37',31,'2015-12-25 18:25:37',31,0),(36,63,'2015-12-31','2017-12-31','00:00','00:00',1000,250,0,0,10,'応援内容説明テスト',1,1,'2015-12-25 19:27:40',63,'2015-12-25 19:27:40',63,0),(37,64,'2015-12-31','2017-12-31','00:00','00:00',1000,250,0,0,10,'応援内容説明テスト',1,1,'2015-12-25 19:46:32',64,'2015-12-25 19:46:32',64,0),(38,65,'2015-12-31','2017-12-31','00:00','00:00',1000,250,0,0,10,'応援内容説明テスト',1,1,'2015-12-25 19:58:57',65,'2015-12-25 19:58:57',65,0),(39,66,'2015-12-31','2017-12-31','00:00','00:00',1000,250,0,0,10,'応援内容説明テスト',1,1,'2015-12-25 20:08:49',66,'2015-12-25 20:08:49',66,0),(40,32,'2015-01-01','2015-01-01','15:00','16:00',1000,1,0,1,0,'test',1,0,'2016-01-06 11:12:36',32,'2016-01-06 11:12:36',32,0),(41,67,'2016-01-20',NULL,'15:00','',1,1,0,1,0,'test0106',1,0,'2016-01-06 18:01:55',67,'2016-01-06 18:01:55',67,0),(42,68,'2016-01-08',NULL,'19:52','',1,11,0,1,0,'あ',1,1,'2016-01-06 18:53:18',68,'2016-01-06 18:53:18',68,0),(43,69,'2016-01-23',NULL,'12:59','',2,1,0,1,0,'1',1,1,'2016-01-23 00:00:01',0,'2016-01-06 19:30:13',69,0),(44,31,'2016-01-07','2016-01-18','01:00','12:59',100,10,0,10,0,'abc',1,0,'2016-01-19 17:25:57',0,'2016-01-07 12:26:54',31,0),(45,31,'2016-01-20','2016-01-27','01:00','14:22',111,0,1,0,1,'123',1,0,'2016-01-15 19:12:15',31,'2016-01-07 16:43:15',31,0),(46,70,'2016-01-21','2016-01-22','15:01','23:51',2,2,0,2,0,'test010702',1,0,'2016-01-23 00:00:02',0,'2016-01-07 19:08:29',70,0),(47,70,'2016-01-23','2016-01-23','15:01','23:51',1,1,0,1,0,'1',1,0,'2016-01-24 00:00:02',0,'2016-01-15 16:47:53',70,0),(48,71,'2016-01-29','2016-02-29','20:22',NULL,10000,2000,0,5000,0,'1',1,0,'2016-03-01 00:00:03',0,'2016-02-08 11:24:29',71,0),(50,72,'2016-01-15',NULL,'01:00','',1,0,3,1,0,'abc',1,1,'2016-01-15 16:25:18',0,'2016-01-14 18:15:27',72,0),(51,59,'2016-01-15',NULL,'11:11',NULL,111,0,1,0,5,'111',1,1,'2016-01-15 16:25:18',0,'2016-01-14 19:26:42',59,0),(52,73,'2016-01-15','2016-01-24','15:00','',1,1,0,1,0,'test0114',1,0,'2016-01-25 00:00:02',0,'2016-01-14 19:58:46',73,0),(53,73,'2016-01-25','2016-01-26','16:00','',2,2,0,2,0,'test0114_2',1,0,'2016-01-27 00:00:01',0,'2016-01-14 20:00:36',73,0),(54,31,'2016-01-28','2016-01-28','01:00','',1001,1,0,0,40,'1',1,0,'2016-01-29 00:00:02',0,'2016-01-15 19:12:15',31,0),(55,71,'2016-03-01',NULL,'20:16','',5000,0,10,0,20,'テスト',1,1,'2016-03-01 00:00:02',0,'2016-01-15 12:30:01',71,0),(56,74,'2016-01-15','2016-01-25','15:00',NULL,150,10,0,150,0,'test011501',1,0,'2016-01-26 00:00:01',0,'2016-01-15 18:14:30',74,0),(58,74,'2016-01-26','2016-01-26','15:00','15:01',0,0,5,0,10,'test',1,0,'2016-01-27 00:00:01',0,'2016-01-15 18:20:16',74,0),(59,75,'2016-01-18','2016-01-28','10:00','',1900,0,50,0,50,'test011802',1,0,'2016-01-29 00:00:03',0,'2016-01-18 16:30:11',75,0),(60,75,'2016-01-29',NULL,'12:00','',2000,0,20,0,30,'test011802_2',1,1,'2016-01-29 00:00:02',0,'2016-01-18 17:10:50',75,0),(61,76,'2016-01-19',NULL,'15:00','',40000,1000,0,5555,0,'test011804',1,1,'2016-01-19 17:25:57',0,'2016-01-18 20:46:07',76,0),(62,77,'2015-12-27',NULL,'15:00','',10000,100,0,100,0,'test012905',1,1,'2016-01-29 07:38:33',0,'2016-01-29 07:31:42',77,0),(63,78,'2015-12-27',NULL,'15:00','',20000,0,10,0,20,'test012906',1,1,'2016-01-29 07:38:34',0,'2016-01-29 07:34:10',78,0),(64,79,'2016-02-20','2016-05-20','10:00','21:00',100,11,0,50,0,'頑張る',1,0,'2016-05-21 00:00:02',0,'2016-02-18 13:00:12',79,0),(65,80,'2016-03-01','2016-03-10','09:00','09:00',2,4,0,45,0,'yi',1,0,'2016-03-11 00:00:03',0,'2016-02-18 13:17:21',80,0),(66,81,'2016-02-25','2016-02-27','10:22','20:22',1,1,0,1,0,'1',1,0,'2016-02-28 00:00:01',0,'2016-02-18 17:42:32',81,0),(67,82,'2016-03-01','2016-03-03','10:11','10:50',1,1,0,1,0,'1',1,0,'2016-03-04 00:00:01',0,'2016-02-18 17:51:00',82,0),(68,83,'2016-03-10','2016-04-10','10:22','19:22',1,1,0,1,0,'1',1,0,'2016-04-11 00:00:02',0,'2016-02-18 18:13:28',83,0);
/*!40000 ALTER TABLE `t_support` ENABLE KEYS */;
UNLOCK TABLES;

--
-- Table structure for table `t_user`
--

DROP TABLE IF EXISTS `t_user`;
/*!40101 SET @saved_cs_client     = @@character_set_client */;
/*!40101 SET character_set_client = utf8 */;
CREATE TABLE `t_user` (
  `uid` int(10) unsigned NOT NULL AUTO_INCREMENT,
  `name` varchar(50) COLLATE utf8_unicode_ci NOT NULL,
  `name_kana` varchar(100) COLLATE utf8_unicode_ci NOT NULL,
  `post_code` varchar(15) COLLATE utf8_unicode_ci NOT NULL,
  `prefecture_id` tinyint(2) DEFAULT NULL,
  `city` varchar(30) COLLATE utf8_unicode_ci DEFAULT NULL,
  `street_address` varchar(100) COLLATE utf8_unicode_ci DEFAULT NULL,
  `tel` varchar(15) COLLATE utf8_unicode_ci DEFAULT NULL,
  `mail` varchar(255) COLLATE utf8_unicode_ci NOT NULL,
  `introduce_uid` int(10) DEFAULT NULL,
  `company_name` varchar(50) COLLATE utf8_unicode_ci DEFAULT NULL,
  `company_tel` varchar(15) COLLATE utf8_unicode_ci DEFAULT NULL,
  `company_address` varchar(255) COLLATE utf8_unicode_ci DEFAULT NULL,
  `point` int(11) DEFAULT NULL,
  `password_point` varchar(50) COLLATE utf8_unicode_ci NOT NULL,
  `password_login` varchar(50) COLLATE utf8_unicode_ci NOT NULL,
  `country_id` int(3) NOT NULL,
  `update_date` datetime DEFAULT NULL,
  `update_user` int(10) DEFAULT NULL,
  `create_date` datetime NOT NULL,
  `create_user` int(10) NOT NULL,
  `delete_flg` tinyint(1) NOT NULL,
  `remember_token` varchar(50) COLLATE utf8_unicode_ci DEFAULT NULL,
  `uid_name` varchar(15) COLLATE utf8_unicode_ci NOT NULL,
  `password_point_length` tinyint(2) DEFAULT NULL,
  `password_login_length` tinyint(2) DEFAULT NULL,
  `reset_password_token` varchar(255) CHARACTER SET utf8 DEFAULT NULL,
  PRIMARY KEY (`uid`)
) ENGINE=InnoDB AUTO_INCREMENT=62 DEFAULT CHARSET=utf8 COLLATE=utf8_unicode_ci;
/*!40101 SET character_set_client = @saved_cs_client */;

--
-- Dumping data for table `t_user`
--

LOCK TABLES `t_user` WRITE;
/*!40000 ALTER TABLE `t_user` DISABLE KEYS */;
INSERT INTO `t_user` VALUES (0,'test12180','test12180','000-0000',1,'test12180','','0-0-0','toru.kaneko1@accjpn.com',0,'','','',4920,'','',1,'2016-02-17 16:45:27',0,'2015-12-18 00:00:00',0,0,'','JPU000000000',0,0,''),(1,'test12181','test12181','000-0000',1,'test12181','','0-0-0','toru.kaneko1@accjpn.com',0,'','','',0,'','abb74d6129e5786fc1ca8ff7737c5a90',1,'2015-12-18 15:35:48',0,'2015-12-18 00:00:00',0,0,NULL,'JPU000000001',0,8,NULL),(9,'test12189','test12189','000-0000',1,'test12189','','0-0-0','toru.kaneko1@accjpn.com',0,'','','',0,'','abb74d6129e5786fc1ca8ff7737c5a90',1,'2015-12-21 19:51:28',0,'2015-12-18 00:00:00',0,0,NULL,'JPU000000009',0,8,NULL),(30,'大野たけし大野たけし大野たけし大野たけし大野たけし大野たけし大野たけし大野たけし大野たけし大野たけし','大木しおおのたけしおおのたけしおおのたけしおおのたけしおおのたけしおおのたけしおおのたけしおお','236-1236',2,'ダナン',NULL,'8116-9823-1200','mtrungythuong@gmail.com',NULL,'株式会社ABCDEFGABCDEFGABCDEFGABCDEFGABCDEFGABCDEFGABCD','','福岡県福岡市西区福岡県福岡市西区福岡県福岡市西区福岡県福岡市西区福岡県福岡市西区福岡県福岡市西区福岡県福岡市西区福岡県福岡市西区福岡県福岡市西区福岡県福岡市西区福岡県福岡市西区福岡県福岡市西区福岡県福岡市西区福岡県福岡市西福岡県福岡市西区福岡県福岡市西区福岡県福岡市西区福岡県福岡市西区福岡県福岡市西区福岡県福岡市西区福岡県福岡市西区福岡県福岡市西区福岡県福岡市西区福岡県福岡市西区福岡県福岡市西区福岡県福岡市西区福岡県福岡市西区福岡県福岡市西区福岡県福岡市西区福岡県福岡市西区福岡県福岡市西区福岡県福岡市西区',15000,'36f904d479202ec5ada03b982de6afc0','283fad13d169ef3f139c3822f418f678',1,'2016-02-17 17:14:08',30,'2015-12-08 12:40:58',30,0,NULL,'JPU000000030',20,9,NULL),(31,'テスト名前２','テストナマエ２','233-2112',2,'Da Nang',NULL,'0-0-0','hoangphuc500@gmail.com',30,'','0-0-0','',NULL,'36f904d479202ec5ada03b982de6afc0','459b22f80614969e9393969222e2fd3f',1,'2016-03-03 10:14:42',31,'2015-12-08 13:35:46',31,0,NULL,'JPU000000031',8,10,NULL),(32,'test11','test11','000-0000',1,'test11',NULL,'0000-0000-0000','toru.kaneko1@accjpn.com',NULL,'','','',99000,'d425951227257402593e075f7a184ffe','abb74d6129e5786fc1ca8ff7737c5a90',1,'2016-01-08 10:43:39',32,'2015-12-08 16:02:55',32,0,NULL,'JPU000000032',8,8,NULL),(33,'武山','たけやま','000-0000',2,'test2',NULL,'0000-0000-0000','toru.kaneko1@accjpn.com',NULL,'','','',NULL,'de200810868914d3a680f09b2f6daad6','b36c56e6c09d8ebbb7f20cc18c1f2a09',1,NULL,NULL,'2015-12-08 16:12:25',33,0,NULL,'JPU000000033',10,9,NULL),(34,'Phuc User','Phuc','123-3333',1,'Da Nang',NULL,'4545-4534-5345','yeucaukhachhang@gmail.com',NULL,'','','',NULL,'0c4cfc85c4766c11942220551667a7ac','10b43b79c0cbbde90bca8e89be061658',1,'2015-12-21 18:06:15',34,'2015-12-09 08:21:30',34,0,NULL,'JPU000000034',9,9,'69UswAqNCxDEgusemzTB'),(35,'test1','test1','000-0000',1,'test1',NULL,'0000-0000-0000','toru.kaneko1@accjpn.com',NULL,'','','',NULL,'d425951227257402593e075f7a184ffe','3233bf42daeae90c156ed159d18ba8b0',1,'2015-12-09 12:05:44',35,'2015-12-09 12:05:44',35,0,NULL,'JPU000000035',8,8,NULL),(36,'test12101','test12101','000-0000',1,'test12101',NULL,'0-0-0','toru.kaneko1@accjpn.com',NULL,'test12101','','test12101',NULL,'3233bf42daeae90c156ed159d18ba8b0','abb74d6129e5786fc1ca8ff7737c5a90',1,'2015-12-10 06:26:46',36,'2015-12-10 06:26:46',36,0,NULL,'JPU000000036',20,8,NULL),(37,'伊藤達哉','いとうたつや','214-0038',2,'川崎市',NULL,'090-5859-1084','mfrs00001@gmail.com',NULL,'','','',7655,'70b381b26e818ec50778f238fcb04e36','90d6f43db5216fe9712d8489de5c699a',1,'2016-04-21 18:08:40',37,'2015-12-10 06:59:47',37,0,'Gw0yihHUF5CC9Fafv5Am','JPU000000037',8,11,NULL),(38,'test12102','test12102','000-0000',1,'test12102',NULL,'0-0-0','toru.kaneko1@accjpn.com',33,'test12102','','test12102',NULL,'d425951227257402593e075f7a184ffe','abb74d6129e5786fc1ca8ff7737c5a90',1,'2015-12-10 08:27:53',38,'2015-12-10 08:27:53',38,0,NULL,'JPU000000038',8,8,NULL),(39,'test12103','test12103','000-0000',1,'test12103',NULL,'0-0-0','toru.kaneko1@accjpn.com',30,'test12103','0-0-0','test12103',NULL,'de200810868914d3a680f09b2f6daad6','abb74d6129e5786fc1ca8ff7737c5a90',1,'2015-12-11 20:34:16',39,'2015-12-10 08:29:47',39,0,NULL,'JPU000000039',10,8,NULL),(40,'test12104','test12104','000-0000',1,'test12104',NULL,'0-0-0','toru.kaneko1@accjpn.com',33,'test12104','','test12104',NULL,'d425951227257402593e075f7a184ffe','abb74d6129e5786fc1ca8ff7737c5a90',1,'2015-12-10 15:37:47',40,'2015-12-10 15:37:47',40,0,NULL,'JPU000000040',8,8,'SffnbAo9pHfFAixbpAUS'),(41,'test12105','test12105','000-0000',1,'test12105',NULL,'0-0-0','toru.kaneko1@accjpn.com',NULL,'test12105','','test12105',NULL,'d425951227257402593e075f7a184ffe','abb74d6129e5786fc1ca8ff7737c5a90',1,'2015-12-10 16:02:46',41,'2015-12-10 16:02:46',41,0,NULL,'JPU000000041',8,8,'5jX6rPYlwH53I5ZEqaMH'),(42,'test12106','test12106','000-0000',1,'test12106',NULL,'0-0-0','toru.kaneko1@accjpn.com',NULL,'test12106','','test12106',NULL,'d425951227257402593e075f7a184ffe','abb74d6129e5786fc1ca8ff7737c5a90',1,'2015-12-10 20:39:29',42,'2015-12-10 20:39:29',42,0,NULL,'JPU000000042',8,8,NULL),(43,'武山治弘','たけやまはるひろ','246-0035',14,'横浜市瀬谷区下瀬谷2-5-64',NULL,'090-5406-5170','takeyani@yahoo.co.jp',30,'','','',NULL,'dbcf511dea0e1bd31a3e7c6ee95c4692','76a1d5d8ed3655c93f60d24861ddc038',1,'2015-12-25 01:13:08',43,'2015-12-10 20:46:42',43,0,NULL,'JPU000000043',8,8,NULL),(44,'1','1','111-1111',1,'1',NULL,'0-0-0','toru.kaneko1@accjpn.com',0,'1','2-0000-2','1',NULL,'d425951227257402593e075f7a184ffe','abb74d6129e5786fc1ca8ff7737c5a90',1,'2015-12-10 21:43:16',44,'2015-12-10 21:20:43',44,0,NULL,'JPU000000044',8,8,NULL),(45,'1','1','000-0000',1,'1',NULL,'1-1-1','11111@111.com',NULL,'','','',NULL,'d425951227257402593e075f7a184ffe','abb74d6129e5786fc1ca8ff7737c5a90',1,'2015-12-12 09:42:28',45,'2015-12-12 09:42:28',45,0,NULL,'JPU000000045',8,8,NULL),(46,'大野たけし大野たけし大野たけし大野たけし大野たけし大野たけし大野たけし大野たけし大野たけし大野たけし','おおのたけしお','787-5656',3,'岩手岩手岩手岩手岩手岩手岩手岩手岩手岩手岩手岩手岩手岩手岩手',NULL,'125-458-659','kazumi.hirata@accjpn.com',NULL,'株式会社ABCDEFGABCDEFGABCDEFGABCDEFGABCDEFGABCDEFGABCD','','福岡県福岡市西区福岡県福岡市西区福岡県福岡市西区福岡県福岡市西区福岡県福岡市西区福岡県福岡市西区福岡県福岡市西区福岡県福岡市西区福岡県福岡市西区福岡県福岡市西区福岡県福岡市西区福岡県福岡市西区福岡県福岡市西区福岡県福岡市西福岡県福岡市西区福岡県福岡市西区福岡県福岡市西区福岡県福岡市西区福岡県福岡市西区福岡県福岡市西区福岡県福岡市西区福岡県福岡市西区福岡県福岡市西区福岡県福岡市西区福岡県福岡市西区福岡県福岡市西区福岡県福岡市西区福岡県福岡市西区福岡県福岡市西区福岡県福岡市西区福岡県福岡市西区福岡県福岡市西区',19700,'446b254555098fdd9a8f196748dc6ffa','240c95bcf512c05809cbe1a3d234ca18',1,'2015-12-25 18:19:43',46,'2015-12-16 14:06:14',46,0,NULL,'JPU000000046',9,8,NULL),(47,'テスト太郎','てすとたろう','820-1230',4,'宮城市',NULL,'123-456-789','test.taro@taro.co.jp',NULL,'','','',NULL,'446b254555098fdd9a8f196748dc6ffa','240c95bcf512c05809cbe1a3d234ca18',1,'2015-12-21 17:44:52',47,'2015-12-21 17:44:52',47,0,NULL,'JPU000000047',9,8,NULL),(48,'test','test','819-0002',40,'福岡市',NULL,'3-2-1','kazumi.hirata+100@accjpn.com',NULL,'',NULL,'',NULL,'240c95bcf512c05809cbe1a3d234ca18','446b254555098fdd9a8f196748dc6ffa',1,'2015-12-24 13:34:59',48,'2015-12-24 13:34:59',48,0,NULL,'JPU000000048',8,9,NULL),(49,'テスト次郎','テ・ス・ト次郎','111-1111',14,'１',NULL,'1-1-1','mfrs00002@gmail.com',NULL,'','','',37779,'16a34b849aecda97639ff0cf5e0fbf26','7009cc720ad7e484a660dc4544481789',1,'2016-01-08 21:48:58',49,'2016-01-08 21:48:58',49,0,NULL,'JPU000000049',8,10,'yymwrI2SlZ46OsIMDYgf'),(50,'test011801','test011801','000-0000',12,'test011801',NULL,'0-0-0','toru.kaneko1@accjpn.com',33,'test011801','','test011801',NULL,'d425951227257402593e075f7a184ffe','abb74d6129e5786fc1ca8ff7737c5a90',1,'2016-01-18 16:26:59',50,'2016-01-18 16:26:59',50,0,NULL,'JPU000000050',8,8,NULL),(51,'test011803','test011803','000-0000',12,'test011803',NULL,'0-0-0','toru.kaneko1@accjpn.com',50,'test011803','','test011803',NULL,'d425951227257402593e075f7a184ffe','abb74d6129e5786fc1ca8ff7737c5a90',1,'2016-01-18 20:28:07',51,'2016-01-18 20:28:07',51,0,NULL,'JPU000000051',8,8,NULL),(52,'test012901','test012901','000-0000',8,'test012901',NULL,'0-0-0','toru.kaneko1@accjpn.com',NULL,'0','','0',200,'d425951227257402593e075f7a184ffe','abb74d6129e5786fc1ca8ff7737c5a90',1,'2016-02-17 16:45:26',0,'2016-01-29 07:02:50',52,0,NULL,'JPU000000052',8,8,NULL),(53,'test012902','test012902','000-0000',8,'test012902',NULL,'0-0-0','toru.kaneko1@accjpn.com',52,'test012902','','test012902',3200,'d425951227257402593e075f7a184ffe','abb74d6129e5786fc1ca8ff7737c5a90',1,'2016-02-17 16:45:26',0,'2016-01-29 07:06:46',53,0,NULL,'JPU000000053',8,8,NULL),(54,'test012903','test012903','000-0000',8,'test012903',NULL,'0-0-0','toru.kaneko1@accjpn.com',NULL,'test012903','','test012903',NULL,'d425951227257402593e075f7a184ffe','abb74d6129e5786fc1ca8ff7737c5a90',1,'2016-01-29 07:10:36',54,'2016-01-29 07:10:36',54,0,NULL,'JPU000000054',8,8,NULL),(55,'test012904','test012904','000-0000',8,'test012904',NULL,'0-0-0','toru.kaneko1@accjpn.com',NULL,'test012904','','test012904',80,'d425951227257402593e075f7a184ffe','abb74d6129e5786fc1ca8ff7737c5a90',1,'2016-02-17 16:45:26',0,'2016-01-29 07:11:56',55,0,NULL,'JPU000000055',8,8,NULL),(56,'test012907','test012907','000-0000',8,'test012907',NULL,'0-0-0','toru.kaneko1@accjpn.com',NULL,'test012907','','test012907',NULL,'d425951227257402593e075f7a184ffe','abb74d6129e5786fc1ca8ff7737c5a90',1,'2016-01-29 07:41:55',56,'2016-01-29 07:41:55',56,0,NULL,'JPU000000056',8,8,NULL),(57,'test012908','test012908','000-0000',8,'test012908',NULL,'0-0-0','toru.kaneko@accjpn.com',NULL,'test012908','','test012908',8000,'d425951227257402593e075f7a184ffe','abb74d6129e5786fc1ca8ff7737c5a90',1,'2016-03-03 10:47:21',0,'2016-01-29 07:43:07',57,0,NULL,'JPU000000057',8,8,'UXMxeZ8gZdGKwUreAtMo'),(58,'伊藤達哉','いとうたつや','111-1111',14,'川崎市',NULL,'111-1111-1111','mfrs0000_0329@yahoo.co.jp',NULL,'','','',NULL,'068c2865e0eacd3bc4101f64782ef262','90d6f43db5216fe9712d8489de5c699a',1,'2016-04-22 16:04:42',58,'2016-04-22 16:04:42',58,0,NULL,'JPU000000058',11,11,NULL),(59,'1','1','111-1111',1,'1',NULL,'1-1-1','mfrs00002@gmail.com',NULL,'','','',NULL,'068c2865e0eacd3bc4101f64782ef262','90d6f43db5216fe9712d8489de5c699a',1,'2016-04-28 16:01:06',59,'2016-04-28 16:01:06',59,0,NULL,'JPU000000059',11,11,NULL),(60,'1','1','111-1111',2,'1',NULL,'1-1-1','mfrs0000@gmail.com',NULL,'','','',NULL,'068c2865e0eacd3bc4101f64782ef262','90d6f43db5216fe9712d8489de5c699a',1,'2016-04-28 16:09:23',60,'2016-04-28 16:09:23',60,0,NULL,'JPU000000060',11,11,NULL),(61,'１','１','111-1111',1,'１',NULL,'111-1111-1111','mfrs0000+@gmail.com',NULL,'','','',NULL,'02b076a2b0c851b45bbc29ba9559c26c','7009cc720ad7e484a660dc4544481789',1,'2016-06-15 10:36:46',61,'2016-06-15 10:36:46',61,0,NULL,'JPU000000061',10,10,NULL);
/*!40000 ALTER TABLE `t_user` ENABLE KEYS */;
UNLOCK TABLES;
/*!40103 SET TIME_ZONE=@OLD_TIME_ZONE */;

/*!40101 SET SQL_MODE=@OLD_SQL_MODE */;
/*!40014 SET FOREIGN_KEY_CHECKS=@OLD_FOREIGN_KEY_CHECKS */;
/*!40014 SET UNIQUE_CHECKS=@OLD_UNIQUE_CHECKS */;
/*!40101 SET CHARACTER_SET_CLIENT=@OLD_CHARACTER_SET_CLIENT */;
/*!40101 SET CHARACTER_SET_RESULTS=@OLD_CHARACTER_SET_RESULTS */;
/*!40101 SET COLLATION_CONNECTION=@OLD_COLLATION_CONNECTION */;
/*!40111 SET SQL_NOTES=@OLD_SQL_NOTES */;

-- Dump completed on 2016-12-09 13:08:40
